date,day_of_week,hour,base_price_prob,price_volatility,price_elasticity,base_load_demand,load_volatility,temperature,humidity,weather,weather_code,wind_speed,solar_potential,wind_power_potential,industrial_activity,commercial_activity,residential_activity,total_activity_factor,temperature_effect,is_weekend,is_holiday,season_factor
2023-10-01,Sunday,0,0.0281,0.0142,0.48,6.48,0.102,22.7,75.5,Sunny,0,6.4,0.0,0.285,0.1,0.36,0.33,0.25,0.46,1,1,1.05
2023-10-01,Sunday,1,0.0241,0.0153,0.48,7.19,0.109,23.6,73.7,Sunny,0,4.3,0.0,0.111,0.1,0.36,0.33,0.25,0.27,1,1,1.05
2023-10-01,Sunday,2,0.031,0.0145,0.48,6.98,0.103,22.9,67.8,Sunny,0,5.4,0.0,0.2,0.1,0.36,0.33,0.25,0.42,1,1,1.05
2023-10-01,Sunday,3,0.0278,0.0168,0.48,7.09,0.12,26.8,61.3,Foggy,4,5.8,0.0,0.236,0.1,0.36,0.33,0.25,0.0,1,1,1.05
2023-10-01,Sunday,4,0.0264,0.0168,0.48,7.47,0.12,26.8,71.0,Cloudy,1,6.0,0.0,0.247,0.1,0.36,0.33,0.25,0.0,1,1,1.05
2023-10-01,Sunday,5,0.0285,0.0168,0.48,6.26,0.12,28.0,61.3,Sunny,0,5.0,0.0,0.168,0.1,0.36,0.33,0.25,0.0,1,1,1.05
2023-10-01,Sunday,6,0.0864,0.0252,0.48,14.05,0.121,25.8,58.7,Rainy,2,5.4,0.03,0.202,0.1,0.36,0.33,0.25,0.0,1,1,1.05
2023-10-01,Sunday,7,0.0933,0.0234,0.48,15.84,0.111,23.9,52.2,Sunny,0,4.1,0.455,0.088,0.1,1.08,0.99,0.66,0.22,1,1,1.05
2023-10-01,Sunday,8,0.0971,0.0232,0.48,15.85,0.111,23.8,41.7,Cloudy,1,3.4,0.24,0.031,0.1,1.08,0.99,0.66,0.23,1,1,1.05
2023-10-01,Sunday,9,0.3974,0.0304,0.48,24.08,0.109,23.6,38.4,Sunny,0,3.1,0.724,0.008,0.1,1.62,0.99,0.82,0.28,1,1,1.05
2023-10-01,Sunday,10,0.5205,0.0313,0.48,27.71,0.112,24.0,39.0,Cloudy,1,1.9,0.328,0.0,0.1,1.62,0.66,0.72,0.21,1,1,1.05
2023-10-01,Sunday,11,0.3998,0.0267,0.48,25.2,0.096,21.9,54.2,Rainy,2,2.9,0.088,0.0,0.1,1.62,0.66,0.72,0.62,1,1,1.05
2023-10-01,Sunday,12,0.2482,0.0176,0.48,22.42,0.084,19.5,55.0,Sunny,0,2.3,0.9,0.0,0.1,1.62,0.66,0.72,0.9,1,1,1.05
2023-10-01,Sunday,13,0.2372,0.0211,0.48,23.09,0.101,17.4,38.2,Sunny,0,0.7,0.88,0.0,0.1,1.62,0.66,0.72,0.49,1,1,1.05
2023-10-01,Sunday,14,0.2301,0.0252,0.48,24.25,0.121,14.9,43.1,Rainy,2,1.1,0.082,0.0,0.1,1.62,0.66,0.72,0.0,1,1,1.05
2023-10-01,Sunday,15,0.2145,0.0219,0.48,23.85,0.104,16.9,44.0,Sunny,0,0.8,0.724,0.0,0.1,1.62,0.66,0.72,0.39,1,1,1.05
2023-10-01,Sunday,16,0.1989,0.0244,0.48,28.99,0.117,15.5,50.6,Rainy,2,1.8,0.06,0.0,0.1,1.62,0.66,0.72,0.09,1,1,1.05
2023-10-01,Sunday,17,0.2143,0.0252,0.48,23.9,0.12,14.1,64.8,Cloudy,1,0.5,0.182,0.0,0.1,1.62,0.66,0.72,0.0,1,1,1.05
2023-10-01,Sunday,18,0.3674,0.0336,0.48,31.47,0.121,13.3,70.8,Rainy,2,1.8,0.03,0.0,0.1,1.62,0.99,0.82,0.0,1,1,1.05
2023-10-01,Sunday,19,0.4822,0.0309,0.48,32.18,0.11,16.2,60.2,Cloudy,1,2.6,0.0,0.0,0.1,1.62,0.99,0.82,0.24,1,1,1.05
2023-10-01,Sunday,20,0.3711,0.0312,0.48,29.62,0.111,16.1,70.0,Sunny,0,3.3,0.0,0.024,0.1,1.62,0.99,0.82,0.22,1,1,1.05
2023-10-01,Sunday,21,0.1439,0.0252,0.48,15.17,0.12,13.3,70.9,Sunny,0,2.4,0.0,0.0,0.1,1.62,0.99,0.82,0.0,1,1,1.05
2023-10-01,Sunday,22,0.1439,0.0178,0.48,13.84,0.085,19.4,77.3,Cloudy,1,4.2,0.0,0.102,0.1,1.08,0.99,0.66,0.88,1,1,1.05
2023-10-01,Sunday,23,0.1531,0.0234,0.48,12.1,0.112,16.1,69.3,Cloudy,1,4.4,0.0,0.116,0.1,1.08,0.33,0.46,0.21,1,1,1.05
2023-10-02,Monday,0,0.0348,0.0144,0.48,7.18,0.082,20.3,73.7,Sunny,0,5.7,0.0,0.227,0.1,0.3,0.33,0.23,0.94,0,1,1.05
2023-10-02,Monday,1,0.034,0.0197,0.48,9.49,0.115,24.1,83.7,Stormy,3,4.4,0.0,0.116,0.1,0.3,0.33,0.23,0.18,0,1,1.05
2023-10-02,Monday,2,0.0328,0.0159,0.48,8.45,0.092,21.4,81.2,Rainy,2,4.8,0.0,0.15,0.1,0.3,0.33,0.23,0.73,0,1,1.05
2023-10-02,Monday,3,0.0358,0.0188,0.48,7.3,0.108,23.5,74.9,Sunny,0,6.7,0.0,0.305,0.1,0.3,0.33,0.23,0.31,0,1,1.05
2023-10-02,Monday,4,0.0443,0.021,0.48,8.86,0.12,25.7,77.6,Cloudy,1,5.8,0.0,0.23,0.1,0.3,0.33,0.23,0.0,0,1,1.05
2023-10-02,Monday,5,0.0338,0.0186,0.48,8.71,0.106,23.3,67.9,Foggy,4,4.8,0.0,0.147,0.1,0.3,0.33,0.23,0.35,0,1,1.05
2023-10-02,Monday,6,0.1193,0.0315,0.48,16.19,0.12,25.6,67.4,Cloudy,1,4.0,0.12,0.086,0.1,0.3,0.33,0.23,0.0,0,1,1.05
2023-10-02,Monday,7,0.1098,0.0308,0.48,17.1,0.117,24.7,58.5,Sunny,0,5.9,0.455,0.243,0.1,0.9,0.99,0.61,0.07,0,1,1.05
2023-10-02,Monday,8,0.1222,0.0315,0.48,19.85,0.12,27.0,58.5,Cloudy,1,3.3,0.24,0.022,0.1,0.9,0.99,0.61,0.0,0,1,1.05
2023-10-02,Monday,9,0.477,0.042,0.48,31.98,0.122,25.5,52.9,Stormy,3,4.9,0.072,0.158,0.1,1.35,0.99,0.74,0.0,0,1,1.05
2023-10-02,Monday,10,0.6483,0.0334,0.48,33.39,0.095,21.9,53.2,Cloudy,1,3.1,0.328,0.01,0.1,1.35,0.66,0.64,0.61,0,1,1.05
2023-10-02,Monday,11,0.4779,0.0329,0.48,29.31,0.094,21.7,40.5,Sunny,0,3.0,0.88,0.001,0.1,1.35,0.66,0.64,0.65,0,1,1.05
2023-10-02,Monday,12,0.293,0.0231,0.48,27.36,0.088,21.0,27.9,Cloudy,1,1.6,0.36,0.0,0.1,1.35,0.66,0.64,0.8,0,1,1.05
2023-10-02,Monday,13,0.2988,0.0288,0.48,27.37,0.111,16.3,53.6,Rainy,2,0.8,0.088,0.0,0.1,1.35,0.66,0.64,0.25,0,1,1.05
2023-10-02,Monday,14,0.2988,0.0259,0.48,27.11,0.099,17.6,57.4,Sunny,0,2.6,0.82,0.0,0.1,1.35,0.66,0.64,0.53,0,1,1.05
2023-10-02,Monday,15,0.2676,0.0307,0.48,26.49,0.117,15.4,57.0,Cloudy,1,2.1,0.29,0.0,0.1,1.35,0.66,0.64,0.08,0,1,1.05
2023-10-02,Monday,16,0.2519,0.0315,0.48,30.98,0.12,13.9,58.1,Sunny,0,2.2,0.6,0.0,0.1,1.35,0.66,0.64,0.0,0,1,1.05
2023-10-02,Monday,17,0.2534,0.0315,0.48,26.49,0.12,12.7,63.3,Sunny,0,1.4,0.455,0.0,0.1,1.35,0.66,0.64,0.0,0,1,1.05
2023-10-02,Monday,18,0.4519,0.0398,0.48,35.51,0.115,15.8,68.3,Rainy,2,0.5,0.03,0.0,0.1,1.35,0.99,0.74,0.16,0,1,1.05
2023-10-02,Monday,19,0.603,0.042,0.48,35.3,0.12,11.8,69.3,Cloudy,1,3.7,0.0,0.054,0.1,1.35,0.99,0.74,0.0,0,1,1.05
2023-10-02,Monday,20,0.4595,0.0376,0.48,33.74,0.11,16.6,58.9,Stormy,3,2.8,0.0,0.0,0.1,1.35,0.99,0.74,0.31,0,1,1.05
2023-10-02,Monday,21,0.1963,0.0315,0.48,18.26,0.12,13.6,60.9,Cloudy,1,3.8,0.0,0.069,0.1,1.35,0.99,0.74,0.0,0,1,1.05
2023-10-02,Monday,22,0.182,0.0308,0.48,15.56,0.117,15.3,70.7,Cloudy,1,5.6,0.0,0.217,0.1,0.9,0.99,0.61,0.06,0,1,1.05
2023-10-02,Monday,23,0.1974,0.0237,0.48,14.71,0.09,18.7,83.7,Cloudy,1,5.3,0.0,0.194,0.1,0.9,0.33,0.41,0.75,0,1,1.05
2023-10-03,Tuesday,0,0.0308,0.0144,0.48,8.24,0.082,19.7,90.2,Sunny,0,5.6,0.0,0.217,0.1,0.3,0.33,0.23,0.95,0,1,1.05
2023-10-03,Tuesday,1,0.0339,0.0178,0.48,9.19,0.103,22.7,74.8,Rainy,2,5.7,0.0,0.227,0.1,0.3,0.33,0.23,0.46,0,1,1.05
2023-10-03,Tuesday,2,0.0306,0.0206,0.48,7.78,0.118,24.7,64.7,Sunny,0,5.1,0.0,0.176,0.1,0.3,0.33,0.23,0.06,0,1,1.05
2023-10-03,Tuesday,3,0.0406,0.021,0.48,8.64,0.12,26.3,72.3,Cloudy,1,4.9,0.0,0.16,0.1,0.3,0.33,0.23,0.0,0,1,1.05
2023-10-03,Tuesday,4,0.0392,0.021,0.48,8.66,0.12,26.2,66.2,Cloudy,1,4.8,0.0,0.151,0.1,0.3,0.33,0.23,0.0,0,1,1.05
2023-10-03,Tuesday,5,0.0402,0.021,0.48,7.99,0.12,25.3,62.4,Foggy,4,5.5,0.0,0.21,0.1,0.3,0.33,0.23,0.0,0,1,1.05
2023-10-03,Tuesday,6,0.0978,0.0315,0.48,15.41,0.12,27.0,69.7,Sunny,0,4.4,0.3,0.12,0.1,0.3,0.33,0.23,0.0,0,1,1.05
2023-10-03,Tuesday,7,0.1101,0.031,0.48,20.46,0.12,24.8,44.6,Stormy,3,3.7,0.046,0.06,0.1,0.9,0.99,0.61,0.05,0,1,1.05
2023-10-03,Tuesday,8,0.112,0.0259,0.48,20.85,0.1,22.3,40.3,Rainy,2,4.4,0.06,0.119,0.1,0.9,0.99,0.61,0.54,0,1,1.05
2023-10-03,Tuesday,9,0.4859,0.0315,0.48,29.17,0.09,21.3,42.9,Cloudy,1,3.8,0.29,0.065,0.1,1.35,0.99,0.74,0.75,0,1,1.05
2023-10-03,Tuesday,10,0.6298,0.0325,0.48,33.22,0.094,21.6,46.5,Rainy,2,4.1,0.082,0.092,0.1,1.35,0.66,0.64,0.68,0,1,1.05
2023-10-03,Tuesday,11,0.4893,0.029,0.48,28.94,0.083,19.6,42.5,Sunny,0,2.2,0.88,0.0,0.1,1.35,0.66,0.64,0.93,0,1,1.05
2023-10-03,Tuesday,12,0.305,0.0267,0.48,26.4,0.102,22.7,40.2,Sunny,0,2.4,0.9,0.0,0.1,1.35,0.66,0.64,0.46,0,1,1.05
2023-10-03,Tuesday,13,0.3002,0.0259,0.48,27.82,0.1,17.7,51.1,Rainy,2,1.4,0.088,0.0,0.1,1.35,0.66,0.64,0.53,0,1,1.05
2023-10-03,Tuesday,14,0.3084,0.0266,0.48,26.92,0.101,17.3,36.2,Foggy,4,1.5,0.164,0.0,0.1,1.35,0.66,0.64,0.47,0,1,1.05
2023-10-03,Tuesday,15,0.2765,0.0253,0.48,27.62,0.097,17.9,44.5,Sunny,0,2.3,0.724,0.0,0.1,1.35,0.66,0.64,0.59,0,1,1.05
2023-10-03,Tuesday,16,0.2677,0.0303,0.48,33.15,0.116,15.6,58.2,Rainy,2,0.5,0.06,0.0,0.1,1.35,0.66,0.64,0.11,0,1,1.05
2023-10-03,Tuesday,17,0.2727,0.0315,0.48,27.8,0.12,13.0,62.8,Sunny,0,1.6,0.455,0.0,0.1,1.35,0.66,0.64,0.0,0,1,1.05
2023-10-03,Tuesday,18,0.4452,0.042,0.48,32.92,0.121,14.5,48.2,Rainy,2,1.1,0.03,0.0,0.1,1.35,0.99,0.74,0.0,0,1,1.05
2023-10-03,Tuesday,19,0.6009,0.042,0.48,35.39,0.12,12.7,52.7,Sunny,0,2.2,0.0,0.0,0.1,1.35,0.99,0.74,0.0,0,1,1.05
2023-10-03,Tuesday,20,0.4635,0.0366,0.48,36.03,0.106,16.9,82.0,Rainy,2,3.2,0.0,0.019,0.1,1.35,0.99,0.74,0.39,0,1,1.05
2023-10-03,Tuesday,21,0.1845,0.0315,0.48,17.12,0.12,13.2,65.5,Cloudy,1,2.2,0.0,0.0,0.1,1.35,0.99,0.74,0.0,0,1,1.05
2023-10-03,Tuesday,22,0.1902,0.0269,0.48,18.55,0.104,17.2,67.4,Stormy,3,4.1,0.0,0.089,0.1,0.9,0.99,0.61,0.44,0,1,1.05
2023-10-03,Tuesday,23,0.177,0.0285,0.48,17.22,0.109,16.4,67.5,Rainy,2,5.4,0.0,0.197,0.1,0.9,0.33,0.41,0.29,0,1,1.05
2023-10-04,Wednesday,0,0.0539,0.0244,0.34,10.82,0.099,17.8,88.9,Stormy,3,6.4,0.0,0.286,0.8,0.2,0.3,0.47,0.56,0,0,1.05
2023-10-04,Wednesday,1,0.0597,0.0247,0.34,11.81,0.099,22.4,81.9,Sunny,0,5.0,0.0,0.166,0.8,0.2,0.3,0.47,0.53,0,0,1.05
2023-10-04,Wednesday,2,0.0538,0.03,0.34,10.14,0.12,25.3,65.2,Cloudy,1,7.2,0.0,0.354,0.8,0.2,0.3,0.47,0.0,0,0,1.05
2023-10-04,Wednesday,3,0.0432,0.0251,0.34,10.9,0.101,22.6,85.9,Cloudy,1,6.6,0.0,0.301,0.8,0.2,0.3,0.47,0.49,0,0,1.05
2023-10-04,Wednesday,4,0.0436,0.03,0.34,11.81,0.12,25.2,78.1,Sunny,0,4.5,0.0,0.126,0.8,0.2,0.3,0.47,0.0,0,0,1.05
2023-10-04,Wednesday,5,0.0416,0.03,0.34,11.08,0.121,27.8,55.1,Rainy,2,6.5,0.0,0.292,0.8,0.2,0.3,0.47,0.0,0,0,1.05
2023-10-04,Wednesday,6,0.1448,0.045,0.34,22.63,0.121,28.2,73.1,Rainy,2,4.6,0.03,0.134,0.8,0.2,0.3,0.47,0.0,0,0,1.05
2023-10-04,Wednesday,7,0.1523,0.045,0.34,23.48,0.12,25.8,46.9,Sunny,0,4.5,0.455,0.123,0.8,0.6,0.9,0.77,0.0,0,0,1.05
2023-10-04,Wednesday,8,0.158,0.045,0.34,24.3,0.12,26.7,63.9,Sunny,0,4.3,0.6,0.111,0.8,0.6,0.9,0.77,0.0,0,0,1.05
2023-10-04,Wednesday,9,0.6308,0.06,0.34,38.73,0.12,27.2,39.3,Sunny,0,4.5,0.724,0.124,0.8,0.9,0.9,0.86,0.0,0,0,1.05
2023-10-04,Wednesday,10,0.8437,0.0581,0.34,41.74,0.116,24.5,49.0,Cloudy,1,2.0,0.328,0.0,0.8,0.9,0.6,0.77,0.09,0,0,1.05
2023-10-04,Wednesday,11,0.6443,0.0474,0.34,40.82,0.096,21.8,43.9,Rainy,2,2.3,0.088,0.0,0.8,0.9,0.6,0.77,0.63,0,0,1.05
2023-10-04,Wednesday,12,0.3879,0.0389,0.34,33.13,0.104,23.0,42.5,Cloudy,1,0.5,0.36,0.0,0.8,0.9,0.6,0.77,0.4,0,0,1.05
2023-10-04,Wednesday,13,0.4156,0.0312,0.34,39.51,0.085,20.4,53.3,Stormy,3,0.6,0.088,0.0,0.8,0.9,0.6,0.77,0.92,0,0,1.05
2023-10-04,Wednesday,14,0.3964,0.0444,0.34,37.38,0.119,15.2,50.1,Rainy,2,0.5,0.082,0.0,0.8,0.9,0.6,0.77,0.04,0,0,1.05
2023-10-04,Wednesday,15,0.3458,0.045,0.34,34.54,0.12,14.9,45.6,Sunny,0,1.7,0.724,0.0,0.8,0.9,0.6,0.77,0.0,0,0,1.05
2023-10-04,Wednesday,16,0.3619,0.045,0.34,41.34,0.12,13.2,49.6,Cloudy,1,2.3,0.24,0.0,0.8,0.9,0.6,0.77,0.0,0,0,1.05
2023-10-04,Wednesday,17,0.3337,0.045,0.34,38.08,0.12,14.4,69.7,Cloudy,1,1.9,0.182,0.0,0.8,0.9,0.6,0.77,0.0,0,0,1.05
2023-10-04,Wednesday,18,0.5802,0.06,0.34,44.67,0.12,11.3,48.9,Cloudy,1,0.7,0.12,0.0,0.8,0.9,0.9,0.86,0.0,0,0,1.05
2023-10-04,Wednesday,19,0.812,0.0573,0.34,46.48,0.115,15.7,65.1,Cloudy,1,3.2,0.0,0.013,0.8,0.9,0.9,0.86,0.14,0,0,1.05
2023-10-04,Wednesday,20,0.5957,0.06,0.34,46.69,0.121,13.8,84.7,Rainy,2,2.6,0.0,0.0,0.8,0.9,0.9,0.86,0.0,0,0,1.05
2023-10-04,Wednesday,21,0.2473,0.0362,0.34,20.88,0.096,17.9,73.0,Sunny,0,3.4,0.0,0.036,0.8,0.9,0.9,0.86,0.59,0,0,1.05
2023-10-04,Wednesday,22,0.236,0.0338,0.34,22.84,0.09,18.7,83.5,Foggy,4,4.4,0.0,0.115,0.8,0.6,0.9,0.77,0.75,0,0,1.05
2023-10-04,Wednesday,23,0.2632,0.0435,0.34,20.92,0.116,15.5,81.7,Sunny,0,3.3,0.0,0.027,0.8,0.6,0.3,0.59,0.1,0,0,1.05
2023-10-05,Thursday,0,0.0461,0.0211,0.34,11.88,0.085,19.4,66.8,Rainy,2,3.8,0.0,0.067,0.8,0.2,0.3,0.47,0.89,0,0,1.05
2023-10-05,Thursday,1,0.0524,0.0256,0.34,10.77,0.104,22.8,87.4,Rainy,2,7.1,0.0,0.339,0.8,0.2,0.3,0.47,0.44,0,0,1.05
2023-10-05,Thursday,2,0.047,0.0222,0.34,12.35,0.089,21.1,73.5,Cloudy,1,4.6,0.0,0.136,0.8,0.2,0.3,0.47,0.78,0,0,1.05
2023-10-05,Thursday,3,0.0567,0.0259,0.34,10.92,0.104,23.0,85.7,Sunny,0,7.0,0.0,0.332,0.8,0.2,0.3,0.47,0.41,0,0,1.05
2023-10-05,Thursday,4,0.0428,0.03,0.34,12.21,0.12,25.8,72.8,Sunny,0,6.5,0.0,0.292,0.8,0.2,0.3,0.47,0.0,0,0,1.05
2023-10-05,Thursday,5,0.055,0.03,0.34,10.86,0.12,25.3,68.6,Sunny,0,6.1,0.0,0.255,0.8,0.2,0.3,0.47,0.0,0,0,1.05
2023-10-05,Thursday,6,0.1338,0.045,0.34,24.25,0.122,28.2,73.4,Stormy,3,6.4,0.03,0.282,0.8,0.2,0.3,0.47,0.0,0,0,1.05
2023-10-05,Thursday,7,0.1632,0.045,0.34,26.03,0.12,27.3,47.6,Sunny,0,3.6,0.455,0.052,0.8,0.6,0.9,0.77,0.0,0,0,1.05
2023-10-05,Thursday,8,0.1621,0.0373,0.34,25.29,0.1,22.4,64.7,Sunny,0,3.7,0.6,0.059,0.8,0.6,0.9,0.77,0.51,0,0,1.05
2023-10-05,Thursday,9,0.6612,0.06,0.34,38.11,0.12,27.1,45.4,Sunny,0,3.8,0.724,0.066,0.8,0.9,0.9,0.86,0.0,0,0,1.05
2023-10-05,Thursday,10,0.8643,0.06,0.34,43.58,0.12,25.8,50.9,Sunny,0,2.2,0.82,0.0,0.8,0.9,0.6,0.77,0.0,0,0,1.05
2023-10-05,Thursday,11,0.6483,0.0525,0.34,42.27,0.107,23.1,31.5,Stormy,3,2.1,0.088,0.0,0.8,0.9,0.6,0.77,0.38,0,0,1.05
2023-10-05,Thursday,12,0.391,0.0371,0.34,36.09,0.1,22.4,47.9,Rainy,2,2.9,0.09,0.0,0.8,0.9,0.6,0.77,0.52,0,0,1.05
2023-10-05,Thursday,13,0.3986,0.0336,0.34,34.87,0.089,18.8,43.6,Cloudy,1,2.4,0.352,0.0,0.8,0.9,0.6,0.77,0.76,0,0,1.05
2023-10-05,Thursday,14,0.404,0.0376,0.34,35.97,0.1,17.5,52.6,Cloudy,1,0.5,0.328,0.0,0.8,0.9,0.6,0.77,0.49,0,0,1.05
2023-10-05,Thursday,15,0.3654,0.045,0.34,37.83,0.12,13.3,51.1,Sunny,0,1.1,0.724,0.0,0.8,0.9,0.6,0.77,0.0,0,0,1.05
2023-10-05,Thursday,16,0.3535,0.045,0.34,36.66,0.12,14.1,50.9,Cloudy,1,1.9,0.24,0.0,0.8,0.9,0.6,0.77,0.0,0,0,1.05
2023-10-05,Thursday,17,0.3383,0.045,0.34,37.91,0.12,11.5,48.2,Sunny,0,2.4,0.455,0.0,0.8,0.9,0.6,0.77,0.0,0,0,1.05
2023-10-05,Thursday,18,0.6032,0.06,0.34,42.96,0.12,13.9,47.6,Sunny,0,2.0,0.3,0.0,0.8,0.9,0.9,0.86,0.0,0,0,1.05
2023-10-05,Thursday,19,0.8006,0.06,0.34,48.21,0.121,14.8,62.5,Rainy,2,1.9,0.0,0.0,0.8,0.9,0.9,0.86,0.0,0,0,1.05
2023-10-05,Thursday,20,0.5937,0.0522,0.34,43.51,0.105,17.0,63.5,Rainy,2,2.4,0.0,0.0,0.8,0.9,0.9,0.86,0.39,0,0,1.05
2023-10-05,Thursday,21,0.2618,0.045,0.34,23.14,0.121,14.4,63.6,Rainy,2,3.1,0.0,0.01,0.8,0.9,0.9,0.86,0.0,0,0,1.05
2023-10-05,Thursday,22,0.259,0.0338,0.34,22.21,0.09,18.7,76.6,Sunny,0,4.1,0.0,0.091,0.8,0.6,0.9,0.77,0.75,0,0,1.05
2023-10-05,Thursday,23,0.2346,0.04,0.34,19.68,0.108,16.7,82.5,Rainy,2,4.0,0.0,0.083,0.8,0.6,0.3,0.59,0.33,0,0,1.05
2023-10-06,Friday,0,0.0547,0.0252,0.34,12.09,0.101,22.6,78.0,Sunny,0,4.1,0.0,0.089,0.8,0.2,0.3,0.47,0.48,0,0,1.05
2023-10-06,Friday,1,0.0545,0.0246,0.34,11.0,0.098,22.3,88.8,Sunny,0,5.3,0.0,0.191,0.8,0.2,0.3,0.47,0.54,0,0,1.05
2023-10-06,Friday,2,0.0482,0.03,0.34,11.27,0.12,25.1,84.1,Sunny,0,6.5,0.0,0.288,0.8,0.2,0.3,0.47,0.0,0,0,1.05
2023-10-06,Friday,3,0.0446,0.028,0.34,12.16,0.113,24.0,87.8,Rainy,2,6.4,0.0,0.286,0.8,0.2,0.3,0.47,0.2,0,0,1.05
2023-10-06,Friday,4,0.0476,0.0299,0.34,11.0,0.12,25.0,57.3,Cloudy,1,5.7,0.0,0.229,0.8,0.2,0.3,0.47,0.01,0,0,1.05
2023-10-06,Friday,5,0.059,0.03,0.34,10.04,0.12,27.9,51.3,Sunny,0,4.9,0.0,0.16,0.8,0.2,0.3,0.47,0.0,0,0,1.05
2023-10-06,Friday,6,0.1666,0.0393,0.34,22.94,0.105,23.1,54.6,Cloudy,1,5.3,0.12,0.188,0.8,0.2,0.3,0.47,0.38,0,0,1.05
2023-10-06,Friday,7,0.1591,0.0396,0.34,25.24,0.106,23.2,50.0,Cloudy,1,4.5,0.182,0.125,0.8,0.6,0.9,0.77,0.36,0,0,1.05
2023-10-06,Friday,8,0.1645,0.0405,0.34,24.63,0.108,23.5,46.0,Sunny,0,3.6,0.6,0.051,0.8,0.6,0.9,0.77,0.3,0,0,1.05
2023-10-06,Friday,9,0.6416,0.06,0.34,41.71,0.121,26.3,59.2,Rainy,2,2.8,0.072,0.0,0.8,0.9,0.9,0.86,0.0,0,0,1.05
2023-10-06,Friday,10,0.8518,0.0493,0.34,44.21,0.099,22.3,35.5,Cloudy,1,1.9,0.328,0.0,0.8,0.9,0.6,0.77,0.53,0,0,1.05
2023-10-06,Friday,11,0.6639,0.0531,0.34,38.23,0.106,23.3,31.3,Sunny,0,3.7,0.88,0.06,0.8,0.9,0.6,0.77,0.35,0,0,1.05
2023-10-06,Friday,12,0.3833,0.0356,0.34,38.37,0.097,21.9,29.9,Stormy,3,2.2,0.09,0.0,0.8,0.9,0.6,0.77,0.63,0,0,1.05
2023-10-06,Friday,13,0.4019,0.0421,0.34,32.85,0.112,16.0,32.0,Cloudy,1,1.6,0.352,0.0,0.8,0.9,0.6,0.77,0.19,0,0,1.05
2023-10-06,Friday,14,0.3826,0.0416,0.34,34.77,0.111,16.1,36.3,Cloudy,1,1.7,0.328,0.0,0.8,0.9,0.6,0.77,0.23,0,0,1.05
2023-10-06,Friday,15,0.3459,0.045,0.34,35.81,0.12,12.8,40.0,Cloudy,1,0.5,0.29,0.0,0.8,0.9,0.6,0.77,0.0,0,0,1.05
2023-10-06,Friday,16,0.3415,0.045,0.34,40.31,0.12,15.0,40.4,Sunny,0,1.0,0.6,0.0,0.8,0.9,0.6,0.77,0.0,0,0,1.05
2023-10-06,Friday,17,0.3645,0.045,0.34,35.86,0.12,12.4,53.6,Cloudy,1,2.4,0.182,0.0,0.8,0.9,0.6,0.77,0.0,0,0,1.05
2023-10-06,Friday,18,0.5814,0.0598,0.34,44.2,0.12,15.1,56.8,Cloudy,1,1.7,0.12,0.0,0.8,0.9,0.9,0.86,0.01,0,0,1.05
2023-10-06,Friday,19,0.8238,0.06,0.34,48.64,0.12,13.0,70.1,Cloudy,1,1.2,0.0,0.0,0.8,0.9,0.9,0.86,0.0,0,0,1.05
2023-10-06,Friday,20,0.5953,0.0595,0.34,41.23,0.119,15.1,60.5,Cloudy,1,3.6,0.0,0.047,0.8,0.9,0.9,0.86,0.03,0,0,1.05
2023-10-06,Friday,21,0.2655,0.0437,0.34,24.02,0.117,15.4,69.7,Cloudy,1,3.8,0.0,0.066,0.8,0.9,0.9,0.86,0.09,0,0,1.05
2023-10-06,Friday,22,0.2515,0.0401,0.34,20.05,0.107,16.6,67.1,Sunny,0,4.7,0.0,0.139,0.8,0.6,0.9,0.77,0.33,0,0,1.05
2023-10-06,Friday,23,0.2311,0.0332,0.34,22.39,0.091,21.1,73.0,Stormy,3,5.7,0.0,0.222,0.8,0.6,0.3,0.59,0.79,0,0,1.05
2023-10-07,Saturday,0,0.0382,0.0193,0.44,9.24,0.096,17.9,85.8,Cloudy,1,4.8,0.0,0.148,0.3,0.24,0.33,0.29,0.59,1,0,1.05
2023-10-07,Saturday,1,0.0329,0.0162,0.44,10.56,0.083,20.1,88.4,Stormy,3,6.0,0.0,0.248,0.3,0.24,0.33,0.29,0.98,1,0,1.05
2023-10-07,Saturday,2,0.0376,0.024,0.44,9.07,0.12,25.0,76.6,Sunny,0,5.2,0.0,0.186,0.3,0.24,0.33,0.29,0.0,1,0,1.05
2023-10-07,Saturday,3,0.0427,0.0206,0.44,8.45,0.103,22.9,72.7,Sunny,0,6.2,0.0,0.27,0.3,0.24,0.33,0.29,0.42,1,0,1.05
2023-10-07,Saturday,4,0.0345,0.024,0.44,10.06,0.121,27.4,82.1,Rainy,2,6.6,0.0,0.297,0.3,0.24,0.33,0.29,0.0,1,0,1.05
2023-10-07,Saturday,5,0.0468,0.024,0.44,9.53,0.12,26.1,59.4,Cloudy,1,7.0,0.0,0.331,0.3,0.24,0.33,0.29,0.0,1,0,1.05
2023-10-07,Saturday,6,0.1186,0.036,0.44,16.36,0.12,28.3,69.0,Sunny,0,6.3,0.3,0.271,0.3,0.24,0.33,0.29,0.0,1,0,1.05
2023-10-07,Saturday,7,0.1132,0.036,0.44,21.41,0.12,25.6,47.5,Cloudy,1,3.6,0.182,0.052,0.3,0.72,0.99,0.63,0.0,1,0,1.05
2023-10-07,Saturday,8,0.1302,0.036,0.44,18.52,0.12,25.7,62.3,Foggy,4,3.4,0.12,0.032,0.3,0.72,0.99,0.63,0.0,1,0,1.05
2023-10-07,Saturday,9,0.5079,0.048,0.44,31.85,0.12,27.0,31.5,Sunny,0,4.0,0.724,0.083,0.3,1.08,0.99,0.74,0.0,1,0,1.05
2023-10-07,Saturday,10,0.7,0.0365,0.44,36.72,0.091,21.4,30.6,Cloudy,1,4.3,0.328,0.105,0.3,1.08,0.66,0.64,0.72,1,0,1.05
2023-10-07,Saturday,11,0.5222,0.0367,0.44,29.94,0.092,21.5,39.6,Sunny,0,2.0,0.88,0.0,0.3,1.08,0.66,0.64,0.71,1,0,1.05
2023-10-07,Saturday,12,0.3279,0.0267,0.44,28.02,0.089,21.1,34.8,Sunny,0,1.1,0.9,0.0,0.3,1.08,0.66,0.64,0.77,1,0,1.05
2023-10-07,Saturday,13,0.3251,0.0302,0.44,28.33,0.101,17.4,47.0,Cloudy,1,0.5,0.352,0.0,0.3,1.08,0.66,0.64,0.48,1,0,1.05
2023-10-07,Saturday,14,0.3205,0.0302,0.44,27.93,0.101,17.4,39.9,Sunny,0,1.2,0.82,0.0,0.3,1.08,0.66,0.64,0.49,1,0,1.05
2023-10-07,Saturday,15,0.2852,0.0288,0.44,29.74,0.096,18.0,59.8,Sunny,0,0.5,0.724,0.0,0.3,1.08,0.66,0.64,0.6,1,0,1.05
2023-10-07,Saturday,16,0.2764,0.0349,0.44,32.15,0.116,15.5,46.9,Cloudy,1,1.9,0.24,0.0,0.3,1.08,0.66,0.64,0.09,1,0,1.05
2023-10-07,Saturday,17,0.2657,0.036,0.44,29.94,0.12,11.5,48.1,Cloudy,1,1.9,0.182,0.0,0.3,1.08,0.66,0.64,0.0,1,0,1.05
2023-10-07,Saturday,18,0.4805,0.048,0.44,34.57,0.12,13.2,70.2,Sunny,0,2.4,0.3,0.0,0.3,1.08,0.99,0.74,0.0,1,0,1.05
2023-10-07,Saturday,19,0.6564,0.048,0.44,41.7,0.12,13.9,59.3,Cloudy,1,1.9,0.0,0.0,0.3,1.08,0.99,0.74,0.0,1,0,1.05
2023-10-07,Saturday,20,0.4802,0.0401,0.44,36.48,0.1,17.5,74.9,Cloudy,1,2.9,0.0,0.0,0.3,1.08,0.99,0.74,0.49,1,0,1.05
2023-10-07,Saturday,21,0.2031,0.0287,0.44,16.7,0.096,18.0,84.7,Sunny,0,4.0,0.0,0.079,0.3,1.08,0.99,0.74,0.61,1,0,1.05
2023-10-07,Saturday,22,0.2129,0.0271,0.44,16.27,0.09,18.7,66.9,Cloudy,1,4.2,0.0,0.101,0.3,0.72,0.99,0.63,0.74,1,0,1.05
2023-10-07,Saturday,23,0.2075,0.0344,0.44,17.56,0.115,15.7,71.4,Sunny,0,4.9,0.0,0.162,0.3,0.72,0.33,0.43,0.13,1,0,1.05
2023-10-08,Sunday,0,0.0476,0.0207,0.44,8.91,0.105,22.9,94.2,Rainy,2,5.3,0.0,0.195,0.3,0.24,0.33,0.29,0.41,1,0,1.05
2023-10-08,Sunday,1,0.0449,0.0168,0.44,9.1,0.085,20.5,83.0,Rainy,2,5.6,0.0,0.217,0.3,0.24,0.33,0.29,0.9,1,0,1.05
2023-10-08,Sunday,2,0.0428,0.024,0.44,9.34,0.12,25.8,73.6,Cloudy,1,6.0,0.0,0.252,0.3,0.24,0.33,0.29,0.0,1,0,1.05
2023-10-08,Sunday,3,0.044,0.023,0.44,8.78,0.115,24.4,84.7,Sunny,0,4.7,0.0,0.145,0.3,0.24,0.33,0.29,0.12,1,0,1.05
2023-10-08,Sunday,4,0.0391,0.024,0.44,7.83,0.12,27.9,81.8,Sunny,0,7.0,0.0,0.331,0.3,0.24,0.33,0.29,0.0,1,0,1.05
2023-10-08,Sunday,5,0.0423,0.0227,0.44,8.53,0.113,24.2,78.9,Sunny,0,4.9,0.0,0.162,0.3,0.24,0.33,0.29,0.16,1,0,1.05
2023-10-08,Sunday,6,0.1157,0.036,0.44,18.25,0.12,28.9,71.1,Cloudy,1,6.8,0.12,0.313,0.3,0.24,0.33,0.29,0.0,1,0,1.05
2023-10-08,Sunday,7,0.1195,0.036,0.44,21.46,0.121,28.5,64.0,Rainy,2,3.5,0.046,0.043,0.3,0.72,0.99,0.63,0.0,1,0,1.05
2023-10-08,Sunday,8,0.1336,0.036,0.44,18.0,0.12,25.2,57.5,Foggy,4,5.4,0.12,0.199,0.3,0.72,0.99,0.63,0.0,1,0,1.05
2023-10-08,Sunday,9,0.5109,0.0471,0.44,31.6,0.118,24.7,42.4,Sunny,0,3.4,0.724,0.03,0.3,1.08,0.99,0.74,0.05,1,0,1.05
2023-10-08,Sunday,10,0.6727,0.0384,0.44,35.3,0.097,22.0,56.8,Rainy,2,1.6,0.082,0.0,0.3,1.08,0.66,0.64,0.6,1,0,1.05
2023-10-08,Sunday,11,0.5233,0.0341,0.44,28.32,0.085,20.6,46.6,Cloudy,1,1.2,0.352,0.0,0.3,1.08,0.66,0.64,0.87,1,0,1.05
2023-10-08,Sunday,12,0.3354,0.0271,0.44,30.17,0.091,21.3,35.9,Rainy,2,2.6,0.09,0.0,0.3,1.08,0.66,0.64,0.74,1,0,1.05
2023-10-08,Sunday,13,0.3085,0.0264,0.44,28.94,0.09,19.0,48.4,Stormy,3,0.5,0.088,0.0,0.3,1.08,0.66,0.64,0.8,1,0,1.05
2023-10-08,Sunday,14,0.3233,0.036,0.44,26.74,0.12,14.7,51.5,Sunny,0,0.5,0.82,0.0,0.3,1.08,0.66,0.64,0.0,1,0,1.05
2023-10-08,Sunday,15,0.2766,0.0313,0.44,31.96,0.105,16.9,31.7,Rainy,2,1.7,0.072,0.0,0.3,1.08,0.66,0.64,0.39,1,0,1.05
2023-10-08,Sunday,16,0.2879,0.0297,0.44,30.77,0.099,17.6,62.8,Sunny,0,2.1,0.6,0.0,0.3,1.08,0.66,0.64,0.53,1,0,1.05
2023-10-08,Sunday,17,0.2773,0.036,0.44,29.25,0.12,13.2,45.8,Sunny,0,0.5,0.455,0.0,0.3,1.08,0.66,0.64,0.0,1,0,1.05
2023-10-08,Sunday,18,0.4722,0.048,0.44,36.32,0.12,11.8,49.2,Cloudy,1,3.1,0.12,0.004,0.3,1.08,0.99,0.74,0.0,1,0,1.05
2023-10-08,Sunday,19,0.6634,0.0418,0.44,40.12,0.104,16.9,79.1,Sunny,0,2.2,0.0,0.0,0.3,1.08,0.99,0.74,0.39,1,0,1.05
2023-10-08,Sunday,20,0.4888,0.048,0.44,34.57,0.12,14.4,63.7,Sunny,0,3.2,0.0,0.014,0.3,1.08,0.99,0.74,0.0,1,0,1.05
2023-10-08,Sunday,21,0.2061,0.0285,0.44,18.67,0.095,18.1,62.1,Sunny,0,2.2,0.0,0.0,0.3,1.08,0.99,0.74,0.62,1,0,1.05
2023-10-08,Sunday,22,0.1871,0.0279,0.44,18.91,0.093,18.4,75.7,Cloudy,1,3.2,0.0,0.02,0.3,0.72,0.99,0.63,0.67,1,0,1.05
2023-10-08,Sunday,23,0.2044,0.0246,0.44,17.13,0.083,20.3,74.1,Rainy,2,3.4,0.0,0.037,0.3,0.72,0.33,0.43,0.95,1,0,1.05
2023-10-09,Monday,0,0.0409,0.022,0.34,9.67,0.088,21.0,82.0,Foggy,4,6.6,0.0,0.299,0.8,0.2,0.3,0.47,0.8,0,0,1.05
2023-10-09,Monday,1,0.0537,0.0238,0.34,9.82,0.095,21.9,85.4,Cloudy,1,7.0,0.0,0.335,0.8,0.2,0.3,0.47,0.62,0,0,1.05
2023-10-09,Monday,2,0.047,0.03,0.34,9.86,0.12,25.0,78.7,Cloudy,1,7.2,0.0,0.35,0.8,0.2,0.3,0.47,0.0,0,0,1.05
2023-10-09,Monday,3,0.0454,0.0244,0.34,10.49,0.097,22.2,76.2,Cloudy,1,5.2,0.0,0.184,0.8,0.2,0.3,0.47,0.56,0,0,1.05
2023-10-09,Monday,4,0.0545,0.03,0.34,11.89,0.12,26.8,78.4,Cloudy,1,5.4,0.0,0.198,0.8,0.2,0.3,0.47,0.0,0,0,1.05
2023-10-09,Monday,5,0.0409,0.0258,0.34,10.57,0.103,22.9,65.1,Sunny,0,7.0,0.0,0.336,0.8,0.2,0.3,0.47,0.42,0,0,1.05
2023-10-09,Monday,6,0.1348,0.045,0.34,23.24,0.12,25.6,59.4,Cloudy,1,5.2,0.12,0.185,0.8,0.2,0.3,0.47,0.0,0,0,1.05
2023-10-09,Monday,7,0.1335,0.045,0.34,24.24,0.12,27.4,65.2,Cloudy,1,3.3,0.182,0.022,0.8,0.6,0.9,0.77,0.0,0,0,1.05
2023-10-09,Monday,8,0.1508,0.045,0.34,28.25,0.122,28.2,58.9,Stormy,3,5.3,0.06,0.19,0.8,0.6,0.9,0.77,0.0,0,0,1.05
2023-10-09,Monday,9,0.6428,0.06,0.34,39.49,0.12,25.1,47.6,Cloudy,1,2.3,0.29,0.0,0.8,0.9,0.9,0.86,0.0,0,0,1.05
2023-10-09,Monday,10,0.8757,0.0503,0.34,45.97,0.102,22.6,40.2,Rainy,2,4.2,0.082,0.098,0.8,0.9,0.6,0.77,0.48,0,0,1.05
2023-10-09,Monday,11,0.6563,0.0435,0.34,36.35,0.087,19.1,34.4,Cloudy,1,1.0,0.352,0.0,0.8,0.9,0.6,0.77,0.82,0,0,1.05
2023-10-09,Monday,12,0.4179,0.0376,0.34,33.96,0.1,17.5,29.4,Cloudy,1,3.0,0.36,0.0,0.8,0.9,0.6,0.77,0.49,0,0,1.05
2023-10-09,Monday,13,0.4179,0.0316,0.34,34.2,0.085,19.5,35.8,Rainy,2,2.3,0.088,0.0,0.8,0.9,0.6,0.77,0.89,0,0,1.05
2023-10-09,Monday,14,0.4063,0.0439,0.34,33.61,0.117,15.4,52.8,Cloudy,1,1.3,0.328,0.0,0.8,0.9,0.6,0.77,0.07,0,0,1.05
2023-10-09,Monday,15,0.3318,0.0342,0.34,36.03,0.091,18.6,57.0,Cloudy,1,1.8,0.29,0.0,0.8,0.9,0.6,0.77,0.72,0,0,1.05
2023-10-09,Monday,16,0.341,0.045,0.34,40.35,0.12,14.1,61.3,Cloudy,1,0.5,0.24,0.0,0.8,0.9,0.6,0.77,0.0,0,0,1.05
2023-10-09,Monday,17,0.3556,0.045,0.34,36.8,0.12,11.8,47.4,Cloudy,1,0.5,0.182,0.0,0.8,0.9,0.6,0.77,0.0,0,0,1.05
2023-10-09,Monday,18,0.5997,0.06,0.34,43.76,0.12,14.3,72.0,Cloudy,1,2.2,0.12,0.0,0.8,0.9,0.9,0.86,0.0,0,0,1.05
2023-10-09,Monday,19,0.7951,0.06,0.34,47.01,0.12,14.8,59.1,Sunny,0,3.0,0.0,0.0,0.8,0.9,0.9,0.86,0.0,0,0,1.05
2023-10-09,Monday,20,0.5922,0.0522,0.34,43.38,0.104,16.9,82.2,Sunny,0,3.1,0.0,0.009,0.8,0.9,0.9,0.86,0.39,0,0,1.05
2023-10-09,Monday,21,0.2585,0.0374,0.34,22.08,0.1,17.5,76.5,Sunny,0,3.7,0.0,0.056,0.8,0.9,0.9,0.86,0.51,0,0,1.05
2023-10-09,Monday,22,0.233,0.0376,0.34,21.63,0.1,17.5,85.0,Cloudy,1,3.9,0.0,0.079,0.8,0.6,0.9,0.77,0.49,0,0,1.05
2023-10-09,Monday,23,0.2627,0.0357,0.34,18.78,0.095,18.1,75.2,Cloudy,1,4.4,0.0,0.114,0.8,0.6,0.3,0.59,0.62,0,0,1.05
2023-10-10,Tuesday,0,0.0451,0.0234,0.34,11.82,0.094,18.3,78.1,Sunny,0,5.8,0.0,0.235,0.8,0.2,0.3,0.47,0.66,0,0,1.05
2023-10-10,Tuesday,1,0.0496,0.0214,0.34,12.25,0.085,19.3,74.1,Sunny,0,4.5,0.0,0.122,0.8,0.2,0.3,0.47,0.86,0,0,1.05
2023-10-10,Tuesday,2,0.053,0.0208,0.34,11.16,0.083,20.4,72.5,Sunny,0,4.9,0.0,0.16,0.8,0.2,0.3,0.47,0.92,0,0,1.05
2023-10-10,Tuesday,3,0.0423,0.03,0.34,11.45,0.12,26.8,66.4,Cloudy,1,4.5,0.0,0.129,0.8,0.2,0.3,0.47,0.0,0,0,1.05
2023-10-10,Tuesday,4,0.0566,0.0283,0.34,10.79,0.113,24.1,82.3,Cloudy,1,5.4,0.0,0.201,0.8,0.2,0.3,0.47,0.17,0,0,1.05
2023-10-10,Tuesday,5,0.0424,0.03,0.34,11.28,0.122,25.7,72.8,Stormy,3,6.7,0.0,0.31,0.8,0.2,0.3,0.47,0.0,0,0,1.05
2023-10-10,Tuesday,6,0.1303,0.043,0.34,20.58,0.115,24.3,70.2,Cloudy,1,5.3,0.12,0.188,0.8,0.2,0.3,0.47,0.13,0,0,1.05
2023-10-10,Tuesday,7,0.1505,0.0447,0.34,24.62,0.119,24.9,47.1,Sunny,0,4.7,0.455,0.145,0.8,0.6,0.9,0.77,0.02,0,0,1.05
2023-10-10,Tuesday,8,0.1642,0.0386,0.34,25.68,0.103,22.9,50.3,Cloudy,1,3.3,0.24,0.021,0.8,0.6,0.9,0.77,0.42,0,0,1.05
2023-10-10,Tuesday,9,0.666,0.051,0.34,36.03,0.102,22.7,50.3,Cloudy,1,2.1,0.29,0.0,0.8,0.9,0.9,0.86,0.45,0,0,1.05
2023-10-10,Tuesday,10,0.864,0.06,0.34,41.46,0.12,25.4,29.1,Cloudy,1,2.3,0.328,0.0,0.8,0.9,0.6,0.77,0.0,0,0,1.05
2023-10-10,Tuesday,11,0.6392,0.0436,0.34,39.14,0.088,19.1,34.1,Rainy,2,2.5,0.088,0.0,0.8,0.9,0.6,0.77,0.82,0,0,1.05
2023-10-10,Tuesday,12,0.4169,0.0369,0.34,36.15,0.099,17.7,46.2,Rainy,2,2.5,0.09,0.0,0.8,0.9,0.6,0.77,0.54,0,0,1.05
2023-10-10,Tuesday,13,0.3918,0.0306,0.34,33.28,0.081,19.8,47.9,Foggy,4,1.9,0.176,0.0,0.8,0.9,0.6,0.77,0.96,0,0,1.05
2023-10-10,Tuesday,14,0.3819,0.0321,0.34,35.21,0.087,19.3,33.3,Rainy,2,0.5,0.082,0.0,0.8,0.9,0.6,0.77,0.86,0,0,1.05
2023-10-10,Tuesday,15,0.3544,0.045,0.34,36.86,0.12,14.4,36.6,Sunny,0,0.5,0.724,0.0,0.8,0.9,0.6,0.77,0.0,0,0,1.05
2023-10-10,Tuesday,16,0.3499,0.045,0.34,37.91,0.12,13.8,43.9,Sunny,0,0.5,0.6,0.0,0.8,0.9,0.6,0.77,0.0,0,0,1.05
2023-10-10,Tuesday,17,0.3618,0.042,0.34,35.02,0.112,16.0,53.0,Cloudy,1,2.3,0.182,0.0,0.8,0.9,0.6,0.77,0.2,0,0,1.05
2023-10-10,Tuesday,18,0.6142,0.06,0.34,40.44,0.12,13.5,60.7,Foggy,4,2.4,0.06,0.0,0.8,0.9,0.9,0.86,0.0,0,0,1.05
2023-10-10,Tuesday,19,0.7969,0.0518,0.34,48.28,0.104,17.1,59.2,Cloudy,1,1.7,0.0,0.0,0.8,0.9,0.9,0.86,0.41,0,0,1.05
2023-10-10,Tuesday,20,0.6058,0.056,0.34,42.25,0.112,16.0,59.7,Sunny,0,1.7,0.0,0.0,0.8,0.9,0.9,0.86,0.2,0,0,1.05
2023-10-10,Tuesday,21,0.2313,0.045,0.34,25.41,0.122,15.0,84.2,Stormy,3,3.1,0.0,0.006,0.8,0.9,0.9,0.86,0.0,0,0,1.05
2023-10-10,Tuesday,22,0.2411,0.045,0.34,21.48,0.121,14.6,82.6,Rainy,2,5.1,0.0,0.176,0.8,0.6,0.9,0.77,0.0,0,0,1.05
2023-10-10,Tuesday,23,0.2672,0.0418,0.34,18.75,0.111,16.1,67.0,Sunny,0,5.1,0.0,0.179,0.8,0.6,0.3,0.59,0.21,0,0,1.05
2023-10-11,Wednesday,0,0.046,0.0228,0.34,10.91,0.091,21.4,91.8,Cloudy,1,4.8,0.0,0.152,0.8,0.2,0.3,0.47,0.72,0,0,1.05
2023-10-11,Wednesday,1,0.0532,0.0263,0.34,10.29,0.106,23.1,69.3,Rainy,2,4.7,0.0,0.145,0.8,0.2,0.3,0.47,0.37,0,0,1.05
2023-10-11,Wednesday,2,0.0422,0.0295,0.34,11.69,0.118,24.7,62.8,Sunny,0,5.5,0.0,0.211,0.8,0.2,0.3,0.47,0.05,0,0,1.05
2023-10-11,Wednesday,3,0.0585,0.03,0.34,11.27,0.12,25.9,70.3,Sunny,0,7.0,0.0,0.333,0.8,0.2,0.3,0.47,0.0,0,0,1.05
2023-10-11,Wednesday,4,0.052,0.0297,0.34,10.45,0.119,24.9,84.6,Sunny,0,7.0,0.0,0.33,0.8,0.2,0.3,0.47,0.03,0,0,1.05
2023-10-11,Wednesday,5,0.0574,0.03,0.34,12.79,0.121,25.4,72.8,Rainy,2,6.8,0.0,0.318,0.8,0.2,0.3,0.47,0.0,0,0,1.05
2023-10-11,Wednesday,6,0.1408,0.045,0.34,21.89,0.121,27.9,47.2,Rainy,2,6.4,0.03,0.285,0.8,0.2,0.3,0.47,0.0,0,0,1.05
2023-10-11,Wednesday,7,0.1381,0.045,0.34,24.24,0.12,26.2,63.5,Sunny,0,4.7,0.455,0.145,0.8,0.6,0.9,0.77,0.0,0,0,1.05
2023-10-11,Wednesday,8,0.1699,0.038,0.34,25.0,0.101,22.7,50.4,Sunny,0,4.6,0.6,0.132,0.8,0.6,0.9,0.77,0.47,0,0,1.05
2023-10-11,Wednesday,9,0.6699,0.0585,0.34,37.19,0.117,24.6,32.7,Sunny,0,3.9,0.724,0.077,0.8,0.9,0.9,0.86,0.07,0,0,1.05
2023-10-11,Wednesday,10,0.858,0.0476,0.34,43.04,0.095,21.9,28.2,Cloudy,1,4.0,0.328,0.082,0.8,0.9,0.6,0.77,0.62,0,0,1.05
2023-10-11,Wednesday,11,0.6443,0.0455,0.34,37.17,0.091,18.6,41.4,Foggy,4,3.1,0.176,0.012,0.8,0.9,0.6,0.77,0.73,0,0,1.05
2023-10-11,Wednesday,12,0.3957,0.0328,0.34,34.47,0.087,19.1,33.8,Foggy,4,1.0,0.18,0.0,0.8,0.9,0.6,0.77,0.81,0,0,1.05
2023-10-11,Wednesday,13,0.417,0.0316,0.34,34.98,0.084,20.5,36.4,Sunny,0,2.2,0.88,0.0,0.8,0.9,0.6,0.77,0.89,0,0,1.05
2023-10-11,Wednesday,14,0.3952,0.0397,0.34,32.64,0.106,16.8,50.1,Sunny,0,0.5,0.82,0.0,0.8,0.9,0.6,0.77,0.36,0,0,1.05
2023-10-11,Wednesday,15,0.3412,0.045,0.34,37.41,0.121,13.7,60.0,Rainy,2,0.9,0.072,0.0,0.8,0.9,0.6,0.77,0.0,0,0,1.05
2023-10-11,Wednesday,16,0.3615,0.0434,0.34,36.67,0.116,15.5,57.2,Sunny,0,0.5,0.6,0.0,0.8,0.9,0.6,0.77,0.11,0,0,1.05
2023-10-11,Wednesday,17,0.3643,0.0399,0.34,34.16,0.106,16.7,43.3,Foggy,4,2.8,0.091,0.0,0.8,0.9,0.6,0.77,0.34,0,0,1.05
2023-10-11,Wednesday,18,0.5981,0.06,0.34,43.95,0.12,12.7,66.2,Sunny,0,1.0,0.3,0.0,0.8,0.9,0.9,0.86,0.0,0,0,1.05
2023-10-11,Wednesday,19,0.8397,0.0587,0.34,48.88,0.117,15.3,57.4,Sunny,0,2.9,0.0,0.0,0.8,0.9,0.9,0.86,0.06,0,0,1.05
2023-10-11,Wednesday,20,0.6104,0.06,0.34,46.1,0.121,14.7,75.6,Rainy,2,2.1,0.0,0.0,0.8,0.9,0.9,0.86,0.0,0,0,1.05
2023-10-11,Wednesday,21,0.2611,0.0428,0.34,21.39,0.114,15.7,78.7,Foggy,4,3.0,0.0,0.0,0.8,0.9,0.9,0.86,0.15,0,0,1.05
2023-10-11,Wednesday,22,0.2308,0.0421,0.34,25.08,0.114,16.0,74.1,Stormy,3,3.1,0.0,0.011,0.8,0.6,0.9,0.77,0.19,0,0,1.05
2023-10-11,Wednesday,23,0.2544,0.0345,0.34,20.78,0.092,18.5,65.7,Cloudy,1,4.4,0.0,0.114,0.8,0.6,0.3,0.59,0.7,0,0,1.05
2023-10-12,Thursday,0,0.0572,0.0242,0.34,12.93,0.098,17.9,84.0,Rainy,2,5.3,0.0,0.193,0.8,0.2,0.3,0.47,0.58,0,0,1.05
2023-10-12,Thursday,1,0.0472,0.0213,0.34,9.83,0.085,19.3,66.8,Sunny,0,6.3,0.0,0.277,0.8,0.2,0.3,0.47,0.87,0,0,1.05
2023-10-12,Thursday,2,0.0518,0.0287,0.34,11.85,0.115,24.3,82.3,Cloudy,1,5.1,0.0,0.178,0.8,0.2,0.3,0.47,0.13,0,0,1.05
2023-10-12,Thursday,3,0.0502,0.03,0.34,11.84,0.12,26.4,73.2,Sunny,0,7.2,0.0,0.353,0.8,0.2,0.3,0.47,0.0,0,0,1.05
2023-10-12,Thursday,4,0.0427,0.0267,0.34,12.19,0.107,23.4,59.1,Cloudy,1,4.6,0.0,0.134,0.8,0.2,0.3,0.47,0.33,0,0,1.05
2023-10-12,Thursday,5,0.0533,0.03,0.34,11.93,0.12,25.2,68.2,Sunny,0,6.4,0.0,0.283,0.8,0.2,0.3,0.47,0.0,0,0,1.05
2023-10-12,Thursday,6,0.1402,0.0447,0.34,21.77,0.119,24.9,61.8,Cloudy,1,5.1,0.12,0.176,0.8,0.2,0.3,0.47,0.02,0,0,1.05
2023-10-12,Thursday,7,0.1512,0.045,0.34,23.86,0.12,27.3,53.8,Cloudy,1,4.2,0.182,0.096,0.8,0.6,0.9,0.77,0.0,0,0,1.05
2023-10-12,Thursday,8,0.134,0.045,0.34,24.78,0.12,26.4,48.5,Cloudy,1,3.9,0.24,0.077,0.8,0.6,0.9,0.77,0.0,0,0,1.05
2023-10-12,Thursday,9,0.6428,0.0527,0.34,38.52,0.105,23.2,59.8,Cloudy,1,2.6,0.29,0.0,0.8,0.9,0.9,0.86,0.36,0,0,1.05
2023-10-12,Thursday,10,0.8764,0.0402,0.34,40.88,0.08,20.1,35.4,Foggy,4,2.2,0.164,0.0,0.8,0.9,0.6,0.77,0.99,0,0,1.05
2023-10-12,Thursday,11,0.6508,0.053,0.34,35.16,0.106,23.3,41.5,Cloudy,1,3.4,0.352,0.033,0.8,0.9,0.6,0.77,0.35,0,0,1.05
2023-10-12,Thursday,12,0.3939,0.03,0.34,34.56,0.08,20.0,38.3,Cloudy,1,1.9,0.36,0.0,0.8,0.9,0.6,0.77,1.0,0,0,1.05
2023-10-12,Thursday,13,0.4038,0.0307,0.34,36.16,0.082,20.2,47.7,Sunny,0,0.5,0.88,0.0,0.8,0.9,0.6,0.77,0.95,0,0,1.05
2023-10-12,Thursday,14,0.4029,0.045,0.34,33.45,0.12,14.6,52.6,Foggy,4,1.2,0.164,0.0,0.8,0.9,0.6,0.77,0.0,0,0,1.05
2023-10-12,Thursday,15,0.3687,0.045,0.34,37.97,0.12,13.4,50.9,Sunny,0,0.5,0.724,0.0,0.8,0.9,0.6,0.77,0.0,0,0,1.05
2023-10-12,Thursday,16,0.3687,0.0435,0.34,41.53,0.116,15.5,37.9,Cloudy,1,2.5,0.24,0.0,0.8,0.9,0.6,0.77,0.1,0,0,1.05
2023-10-12,Thursday,17,0.3429,0.045,0.34,36.42,0.12,14.3,58.7,Foggy,4,2.3,0.091,0.0,0.8,0.9,0.6,0.77,0.0,0,0,1.05
2023-10-12,Thursday,18,0.5912,0.06,0.34,48.17,0.122,11.7,61.0,Stormy,3,0.8,0.03,0.0,0.8,0.9,0.9,0.86,0.0,0,0,1.05
2023-10-12,Thursday,19,0.8026,0.0541,0.34,50.95,0.108,16.5,65.4,Cloudy,1,2.5,0.0,0.0,0.8,0.9,0.9,0.86,0.29,0,0,1.05
2023-10-12,Thursday,20,0.6042,0.06,0.34,44.3,0.12,13.9,82.5,Sunny,0,2.5,0.0,0.0,0.8,0.9,0.9,0.86,0.0,0,0,1.05
2023-10-12,Thursday,21,0.2593,0.045,0.34,21.96,0.12,14.2,74.3,Sunny,0,3.1,0.0,0.01,0.8,0.9,0.9,0.86,0.0,0,0,1.05
2023-10-12,Thursday,22,0.2395,0.0431,0.34,22.3,0.115,15.6,65.4,Sunny,0,2.7,0.0,0.0,0.8,0.6,0.9,0.77,0.13,0,0,1.05
2023-10-12,Thursday,23,0.2317,0.0304,0.34,19.81,0.081,20.1,69.8,Cloudy,1,4.6,0.0,0.135,0.8,0.6,0.3,0.59,0.98,0,0,1.05
2023-10-13,Friday,0,0.0524,0.0237,0.34,11.32,0.096,21.8,85.9,Rainy,2,5.4,0.0,0.202,0.8,0.2,0.3,0.47,0.63,0,0,1.05
2023-10-13,Friday,1,0.0466,0.0249,0.34,10.58,0.1,22.5,84.8,Sunny,0,7.0,0.0,0.337,0.8,0.2,0.3,0.47,0.51,0,0,1.05
2023-10-13,Friday,2,0.0482,0.0246,0.34,11.83,0.098,22.3,89.3,Cloudy,1,7.1,0.0,0.341,0.8,0.2,0.3,0.47,0.54,0,0,1.05
2023-10-13,Friday,3,0.0511,0.0264,0.34,11.25,0.105,23.2,78.9,Sunny,0,5.4,0.0,0.198,0.8,0.2,0.3,0.47,0.36,0,0,1.05
2023-10-13,Friday,4,0.06,0.03,0.34,10.88,0.12,26.9,69.8,Cloudy,1,5.6,0.0,0.217,0.8,0.2,0.3,0.47,0.0,0,0,1.05
2023-10-13,Friday,5,0.0556,0.03,0.34,10.74,0.12,25.4,57.1,Cloudy,1,4.3,0.0,0.105,0.8,0.2,0.3,0.47,0.0,0,0,1.05
2023-10-13,Friday,6,0.1373,0.0414,0.34,22.79,0.11,23.8,52.0,Sunny,0,4.8,0.3,0.154,0.8,0.2,0.3,0.47,0.24,0,0,1.05
2023-10-13,Friday,7,0.1446,0.045,0.34,23.1,0.12,26.6,52.7,Sunny,0,3.5,0.455,0.045,0.8,0.6,0.9,0.77,0.0,0,0,1.05
2023-10-13,Friday,8,0.1598,0.045,0.34,25.84,0.12,26.6,58.1,Cloudy,1,2.8,0.24,0.0,0.8,0.6,0.9,0.77,0.0,0,0,1.05
2023-10-13,Friday,9,0.6639,0.0457,0.34,35.51,0.091,21.4,58.9,Foggy,4,4.8,0.145,0.148,0.8,0.9,0.9,0.86,0.71,0,0,1.05
2023-10-13,Friday,10,0.8721,0.0501,0.34,51.11,0.102,22.5,27.8,Stormy,3,3.4,0.082,0.031,0.8,0.9,0.6,0.77,0.49,0,0,1.05
2023-10-13,Friday,11,0.6566,0.0498,0.34,35.46,0.1,22.5,43.7,Cloudy,1,1.7,0.352,0.0,0.8,0.9,0.6,0.77,0.51,0,0,1.05
2023-10-13,Friday,12,0.412,0.0374,0.34,33.68,0.1,22.5,41.7,Sunny,0,0.6,0.9,0.0,0.8,0.9,0.6,0.77,0.51,0,0,1.05
2023-10-13,Friday,13,0.4146,0.0408,0.34,35.18,0.109,16.4,49.7,Sunny,0,1.1,0.88,0.0,0.8,0.9,0.6,0.77,0.28,0,0,1.05
2023-10-13,Friday,14,0.382,0.0398,0.34,35.07,0.106,16.7,28.7,Sunny,0,0.9,0.82,0.0,0.8,0.9,0.6,0.77,0.34,0,0,1.05
2023-10-13,Friday,15,0.3567,0.045,0.34,35.14,0.12,13.9,51.9,Sunny,0,1.0,0.724,0.0,0.8,0.9,0.6,0.77,0.0,0,0,1.05
2023-10-13,Friday,16,0.3539,0.045,0.34,37.39,0.12,13.4,44.0,Sunny,0,2.2,0.6,0.0,0.8,0.9,0.6,0.77,0.0,0,0,1.05
2023-10-13,Friday,17,0.3561,0.045,0.34,37.16,0.12,13.1,49.4,Sunny,0,1.2,0.455,0.0,0.8,0.9,0.6,0.77,0.0,0,0,1.05
2023-10-13,Friday,18,0.6104,0.06,0.34,41.22,0.12,14.3,58.4,Sunny,0,3.2,0.3,0.018,0.8,0.9,0.9,0.86,0.0,0,0,1.05
2023-10-13,Friday,19,0.8047,0.0586,0.34,48.37,0.117,15.4,60.3,Sunny,0,2.1,0.0,0.0,0.8,0.9,0.9,0.86,0.07,0,0,1.05
2023-10-13,Friday,20,0.6197,0.0568,0.34,44.01,0.114,15.8,61.8,Sunny,0,2.7,0.0,0.0,0.8,0.9,0.9,0.86,0.16,0,0,1.05
2023-10-13,Friday,21,0.2392,0.0378,0.34,20.49,0.101,17.4,72.8,Cloudy,1,4.0,0.0,0.082,0.8,0.9,0.9,0.86,0.48,0,0,1.05
2023-10-13,Friday,22,0.2569,0.0317,0.34,22.53,0.086,19.4,62.8,Rainy,2,2.7,0.0,0.0,0.8,0.6,0.9,0.77,0.89,0,0,1.05
2023-10-13,Friday,23,0.2416,0.0328,0.34,21.41,0.088,19.1,67.8,Rainy,2,3.8,0.0,0.07,0.8,0.6,0.3,0.59,0.81,0,0,1.05
2023-10-14,Saturday,0,0.0326,0.0192,0.44,9.58,0.097,18.0,77.7,Rainy,2,5.1,0.0,0.176,0.3,0.24,0.33,0.29,0.59,1,0,1.05
2023-10-14,Saturday,1,0.0428,0.0231,0.44,8.31,0.116,24.4,90.9,Rainy,2,5.2,0.0,0.185,0.3,0.24,0.33,0.29,0.12,1,0,1.05
2023-10-14,Saturday,2,0.0411,0.0201,0.44,8.54,0.1,22.6,83.6,Cloudy,1,4.9,0.0,0.156,0.3,0.24,0.33,0.29,0.49,1,0,1.05
2023-10-14,Saturday,3,0.0345,0.0236,0.44,8.04,0.118,24.7,65.8,Sunny,0,5.2,0.0,0.183,0.3,0.24,0.33,0.29,0.05,1,0,1.05
2023-10-14,Saturday,4,0.0462,0.02,0.44,10.46,0.102,22.5,63.1,Stormy,3,5.7,0.0,0.224,0.3,0.24,0.33,0.29,0.5,1,0,1.05
2023-10-14,Saturday,5,0.0436,0.0233,0.44,8.15,0.116,24.6,53.9,Foggy,4,5.4,0.0,0.198,0.3,0.24,0.33,0.29,0.08,1,0,1.05
2023-10-14,Saturday,6,0.1157,0.036,0.44,18.79,0.121,25.4,53.7,Rainy,2,6.1,0.03,0.258,0.3,0.24,0.33,0.29,0.0,1,0,1.05
2023-10-14,Saturday,7,0.1083,0.036,0.44,21.28,0.12,25.3,60.2,Cloudy,1,4.3,0.182,0.108,0.3,0.72,0.99,0.63,0.0,1,0,1.05
2023-10-14,Saturday,8,0.1186,0.0359,0.44,20.42,0.12,24.9,44.4,Sunny,0,3.4,0.6,0.034,0.3,0.72,0.99,0.63,0.01,1,0,1.05
2023-10-14,Saturday,9,0.5256,0.048,0.44,29.0,0.12,25.1,55.2,Foggy,4,2.9,0.145,0.0,0.3,1.08,0.99,0.74,0.0,1,0,1.05
2023-10-14,Saturday,10,0.6883,0.0375,0.44,35.87,0.095,21.7,36.4,Rainy,2,3.3,0.082,0.022,0.3,1.08,0.66,0.64,0.66,1,0,1.05
2023-10-14,Saturday,11,0.5182,0.0404,0.44,33.58,0.102,22.6,47.5,Rainy,2,3.2,0.088,0.019,0.3,1.08,0.66,0.64,0.47,1,0,1.05
2023-10-14,Saturday,12,0.3255,0.0293,0.44,26.12,0.097,22.2,53.1,Foggy,4,3.2,0.18,0.016,0.3,1.08,0.66,0.64,0.56,1,0,1.05
2023-10-14,Saturday,13,0.3176,0.0266,0.44,29.04,0.09,18.9,27.8,Rainy,2,0.5,0.088,0.0,0.3,1.08,0.66,0.64,0.78,1,0,1.05
2023-10-14,Saturday,14,0.3331,0.029,0.44,29.19,0.098,17.9,41.4,Rainy,2,1.4,0.082,0.0,0.3,1.08,0.66,0.64,0.58,1,0,1.05
2023-10-14,Saturday,15,0.2926,0.0271,0.44,30.09,0.091,18.7,60.0,Rainy,2,0.8,0.072,0.0,0.3,1.08,0.66,0.64,0.74,1,0,1.05
2023-10-14,Saturday,16,0.2731,0.036,0.44,32.44,0.12,14.7,52.3,Cloudy,1,0.8,0.24,0.0,0.3,1.08,0.66,0.64,0.0,1,0,1.05
2023-10-14,Saturday,17,0.2726,0.036,0.44,29.9,0.12,12.0,58.2,Sunny,0,0.6,0.455,0.0,0.3,1.08,0.66,0.64,0.0,1,0,1.05
2023-10-14,Saturday,18,0.4862,0.048,0.44,34.42,0.121,12.9,72.9,Rainy,2,2.5,0.03,0.0,0.3,1.08,0.99,0.74,0.0,1,0,1.05
2023-10-14,Saturday,19,0.6532,0.0473,0.44,43.56,0.119,15.2,62.3,Rainy,2,1.9,0.0,0.0,0.3,1.08,0.99,0.74,0.04,1,0,1.05
2023-10-14,Saturday,20,0.4781,0.0409,0.44,33.48,0.102,17.2,85.0,Cloudy,1,3.7,0.0,0.058,0.3,1.08,0.99,0.74,0.45,1,0,1.05
2023-10-14,Saturday,21,0.2072,0.036,0.44,17.29,0.12,14.2,87.6,Cloudy,1,4.4,0.0,0.114,0.3,1.08,0.99,0.74,0.0,1,0,1.05
2023-10-14,Saturday,22,0.2,0.036,0.44,16.69,0.12,15.0,81.7,Sunny,0,4.3,0.0,0.104,0.3,0.72,0.99,0.63,0.0,1,0,1.05
2023-10-14,Saturday,23,0.2153,0.0322,0.44,15.39,0.107,16.6,68.3,Sunny,0,4.2,0.0,0.104,0.3,0.72,0.33,0.43,0.32,1,0,1.05
2023-10-15,Sunday,0,0.036,0.0204,0.44,8.3,0.102,22.7,70.9,Cloudy,1,6.1,0.0,0.257,0.3,0.24,0.33,0.29,0.45,1,0,1.05
2023-10-15,Sunday,1,0.045,0.0176,0.44,8.16,0.089,19.0,64.7,Rainy,2,6.2,0.0,0.271,0.3,0.24,0.33,0.29,0.8,1,0,1.05
2023-10-15,Sunday,2,0.0434,0.0197,0.44,8.89,0.098,22.3,79.8,Sunny,0,5.5,0.0,0.211,0.3,0.24,0.33,0.29,0.54,1,0,1.05
2023-10-15,Sunday,3,0.0369,0.0204,0.44,8.86,0.102,22.8,81.3,Sunny,0,4.7,0.0,0.138,0.3,0.24,0.33,0.29,0.45,1,0,1.05
2023-10-15,Sunday,4,0.0444,0.0204,0.44,8.49,0.102,22.7,55.0,Sunny,0,4.8,0.0,0.146,0.3,0.24,0.33,0.29,0.45,1,0,1.05
2023-10-15,Sunday,5,0.0454,0.024,0.44,7.94,0.12,28.3,80.1,Sunny,0,4.3,0.0,0.11,0.3,0.24,0.33,0.29,0.0,1,0,1.05
2023-10-15,Sunday,6,0.1072,0.0324,0.44,16.46,0.108,23.5,46.4,Cloudy,1,6.1,0.12,0.256,0.3,0.24,0.33,0.29,0.3,1,0,1.05
2023-10-15,Sunday,7,0.1276,0.0327,0.44,19.96,0.109,23.6,60.6,Foggy,4,3.8,0.091,0.067,0.3,0.72,0.99,0.63,0.28,1,0,1.05
2023-10-15,Sunday,8,0.1169,0.036,0.44,19.91,0.12,25.0,45.1,Sunny,0,5.3,0.6,0.195,0.3,0.72,0.99,0.63,0.0,1,0,1.05
2023-10-15,Sunday,9,0.5097,0.0476,0.44,33.26,0.12,24.9,38.3,Rainy,2,2.3,0.072,0.0,0.3,1.08,0.99,0.74,0.03,1,0,1.05
2023-10-15,Sunday,10,0.6664,0.0337,0.44,35.39,0.085,20.5,36.0,Rainy,2,3.3,0.082,0.022,0.3,1.08,0.66,0.64,0.89,1,0,1.05
2023-10-15,Sunday,11,0.5356,0.0326,0.44,30.84,0.082,20.2,51.5,Sunny,0,2.6,0.88,0.0,0.3,1.08,0.66,0.64,0.96,1,0,1.05
2023-10-15,Sunday,12,0.3096,0.0241,0.44,26.76,0.08,20.0,42.9,Sunny,0,1.2,0.9,0.0,0.3,1.08,0.66,0.64,0.99,1,0,1.05
2023-10-15,Sunday,13,0.3352,0.0259,0.44,26.33,0.086,20.8,34.8,Sunny,0,2.2,0.88,0.0,0.3,1.08,0.66,0.64,0.84,1,0,1.05
2023-10-15,Sunday,14,0.3122,0.0346,0.44,28.4,0.115,15.6,33.0,Sunny,0,1.5,0.82,0.0,0.3,1.08,0.66,0.64,0.12,1,0,1.05
2023-10-15,Sunday,15,0.27,0.0321,0.44,28.44,0.107,16.6,41.5,Cloudy,1,0.5,0.29,0.0,0.3,1.08,0.66,0.64,0.33,1,0,1.05
2023-10-15,Sunday,16,0.2684,0.036,0.44,31.67,0.12,14.5,37.7,Cloudy,1,2.0,0.24,0.0,0.3,1.08,0.66,0.64,0.0,1,0,1.05
2023-10-15,Sunday,17,0.286,0.036,0.44,29.95,0.12,11.7,45.1,Cloudy,1,1.9,0.182,0.0,0.3,1.08,0.66,0.64,0.0,1,0,1.05
2023-10-15,Sunday,18,0.4849,0.048,0.44,35.06,0.12,13.5,47.5,Cloudy,1,2.2,0.12,0.0,0.3,1.08,0.99,0.74,0.0,1,0,1.05
2023-10-15,Sunday,19,0.6342,0.048,0.44,40.06,0.12,14.1,67.4,Cloudy,1,2.3,0.0,0.0,0.3,1.08,0.99,0.74,0.0,1,0,1.05
2023-10-15,Sunday,20,0.4719,0.048,0.44,35.97,0.12,15.0,84.3,Cloudy,1,3.6,0.0,0.051,0.3,1.08,0.99,0.74,0.0,1,0,1.05
2023-10-15,Sunday,21,0.2065,0.0351,0.44,19.62,0.117,15.4,87.1,Cloudy,1,2.4,0.0,0.0,0.3,1.08,0.99,0.74,0.08,1,0,1.05
2023-10-15,Sunday,22,0.1953,0.0293,0.44,16.0,0.098,17.8,84.8,Cloudy,1,3.6,0.0,0.047,0.3,0.72,0.99,0.63,0.56,1,0,1.05
2023-10-15,Sunday,23,0.2156,0.0328,0.44,18.2,0.11,16.3,67.8,Rainy,2,5.0,0.0,0.167,0.3,0.72,0.33,0.43,0.27,1,0,1.05
2023-10-16,Monday,0,0.0505,0.0242,0.34,11.86,0.097,22.1,76.8,Sunny,0,5.1,0.0,0.173,0.8,0.2,0.3,0.47,0.58,0,0,1.05
2023-10-16,Monday,1,0.04,0.0264,0.34,11.28,0.106,23.2,85.3,Sunny,0,4.5,0.0,0.129,0.8,0.2,0.3,0.47,0.36,0,0,1.05
2023-10-16,Monday,2,0.0497,0.0205,0.34,11.55,0.082,20.2,67.8,Sunny,0,7.0,0.0,0.334,0.8,0.2,0.3,0.47,0.95,0,0,1.05
2023-10-16,Monday,3,0.0576,0.0242,0.34,11.78,0.097,22.1,64.3,Sunny,0,6.0,0.0,0.246,0.8,0.2,0.3,0.47,0.58,0,0,1.05
2023-10-16,Monday,4,0.053,0.03,0.34,10.47,0.12,26.8,72.3,Sunny,0,7.0,0.0,0.331,0.8,0.2,0.3,0.47,0.0,0,0,1.05
2023-10-16,Monday,5,0.0442,0.03,0.34,10.46,0.12,25.0,72.8,Cloudy,1,4.9,0.0,0.162,0.8,0.2,0.3,0.47,0.0,0,0,1.05
2023-10-16,Monday,6,0.1374,0.045,0.34,23.5,0.122,27.4,63.0,Stormy,3,5.1,0.03,0.176,0.8,0.2,0.3,0.47,0.0,0,0,1.05
2023-10-16,Monday,7,0.1411,0.045,0.34,25.27,0.12,28.7,45.1,Sunny,0,3.5,0.455,0.042,0.8,0.6,0.9,0.77,0.0,0,0,1.05
2023-10-16,Monday,8,0.1619,0.045,0.34,23.73,0.121,25.1,62.4,Rainy,2,3.5,0.06,0.042,0.8,0.6,0.9,0.77,0.0,0,0,1.05
2023-10-16,Monday,9,0.6523,0.0586,0.34,39.41,0.117,24.7,36.2,Cloudy,1,5.0,0.29,0.167,0.8,0.9,0.9,0.86,0.07,0,0,1.05
2023-10-16,Monday,10,0.8553,0.06,0.34,48.18,0.122,25.7,39.6,Stormy,3,2.8,0.082,0.0,0.8,0.9,0.6,0.77,0.0,0,0,1.05
2023-10-16,Monday,11,0.6316,0.0439,0.34,36.51,0.088,21.0,28.2,Sunny,0,2.2,0.88,0.0,0.8,0.9,0.6,0.77,0.8,0,0,1.05
2023-10-16,Monday,12,0.3803,0.0349,0.34,34.68,0.093,21.6,48.3,Sunny,0,1.2,0.9,0.0,0.8,0.9,0.6,0.77,0.67,0,0,1.05
2023-10-16,Monday,13,0.3804,0.0321,0.34,35.97,0.087,19.3,34.0,Stormy,3,1.4,0.088,0.0,0.8,0.9,0.6,0.77,0.86,0,0,1.05
2023-10-16,Monday,14,0.4114,0.0309,0.34,36.13,0.082,19.7,37.7,Cloudy,1,1.8,0.328,0.0,0.8,0.9,0.6,0.77,0.94,0,0,1.05
2023-10-16,Monday,15,0.358,0.0431,0.34,36.11,0.115,15.6,57.0,Cloudy,1,2.3,0.29,0.0,0.8,0.9,0.6,0.77,0.12,0,0,1.05
2023-10-16,Monday,16,0.3447,0.045,0.34,40.5,0.12,12.1,54.5,Sunny,0,2.0,0.6,0.0,0.8,0.9,0.6,0.77,0.0,0,0,1.05
2023-10-16,Monday,17,0.3429,0.0419,0.34,39.79,0.113,16.0,42.3,Rainy,2,2.2,0.046,0.0,0.8,0.9,0.6,0.77,0.2,0,0,1.05
2023-10-16,Monday,18,0.6059,0.06,0.34,42.03,0.121,12.0,72.0,Rainy,2,1.8,0.03,0.0,0.8,0.9,0.9,0.86,0.0,0,0,1.05
2023-10-16,Monday,19,0.8298,0.0524,0.34,48.56,0.105,16.9,53.0,Cloudy,1,2.8,0.0,0.0,0.8,0.9,0.9,0.86,0.38,0,0,1.05
2023-10-16,Monday,20,0.6147,0.0552,0.34,43.57,0.11,16.2,70.6,Cloudy,1,2.7,0.0,0.0,0.8,0.9,0.9,0.86,0.24,0,0,1.05
2023-10-16,Monday,21,0.2589,0.045,0.34,20.69,0.12,14.5,66.9,Sunny,0,3.2,0.0,0.018,0.8,0.9,0.9,0.86,0.0,0,0,1.05
2023-10-16,Monday,22,0.2694,0.0302,0.34,24.63,0.082,19.9,74.7,Rainy,2,3.4,0.0,0.032,0.8,0.6,0.9,0.77,0.99,0,0,1.05
2023-10-16,Monday,23,0.2508,0.0427,0.34,20.98,0.114,15.8,76.6,Sunny,0,5.7,0.0,0.221,0.8,0.6,0.3,0.59,0.16,0,0,1.05
2023-10-17,Tuesday,0,0.0551,0.0209,0.34,11.19,0.084,19.6,88.9,Sunny,0,6.6,0.0,0.301,0.8,0.2,0.3,0.47,0.91,0,0,1.05
2023-10-17,Tuesday,1,0.0569,0.0225,0.34,12.31,0.091,21.2,74.7,Rainy,2,6.5,0.0,0.293,0.8,0.2,0.3,0.47,0.75,0,0,1.05
2023-10-17,Tuesday,2,0.0504,0.0248,0.34,11.43,0.099,22.4,83.8,Cloudy,1,6.1,0.0,0.256,0.8,0.2,0.3,0.47,0.52,0,0,1.05
2023-10-17,Tuesday,3,0.0423,0.0278,0.34,10.92,0.111,23.9,78.3,Sunny,0,6.9,0.0,0.327,0.8,0.2,0.3,0.47,0.22,0,0,1.05
2023-10-17,Tuesday,4,0.041,0.03,0.34,12.1,0.12,27.6,66.2,Cloudy,1,4.5,0.0,0.122,0.8,0.2,0.3,0.47,0.0,0,0,1.05
2023-10-17,Tuesday,5,0.0439,0.03,0.34,11.83,0.12,26.1,63.8,Cloudy,1,5.8,0.0,0.232,0.8,0.2,0.3,0.47,0.0,0,0,1.05
2023-10-17,Tuesday,6,0.1322,0.045,0.34,22.23,0.12,27.1,57.6,Sunny,0,4.9,0.3,0.162,0.8,0.2,0.3,0.47,0.0,0,0,1.05
2023-10-17,Tuesday,7,0.1653,0.0402,0.34,27.06,0.108,23.4,69.2,Rainy,2,4.1,0.046,0.094,0.8,0.6,0.9,0.77,0.32,0,0,1.05
2023-10-17,Tuesday,8,0.1563,0.045,0.34,23.4,0.12,26.5,41.9,Cloudy,1,3.1,0.24,0.011,0.8,0.6,0.9,0.77,0.0,0,0,1.05
2023-10-17,Tuesday,9,0.667,0.0481,0.34,41.71,0.097,22.0,51.1,Rainy,2,2.7,0.072,0.0,0.8,0.9,0.9,0.86,0.6,0,0,1.05
2023-10-17,Tuesday,10,0.8785,0.06,0.34,46.76,0.12,26.0,37.2,Cloudy,1,3.6,0.328,0.054,0.8,0.9,0.6,0.77,0.0,0,0,1.05
2023-10-17,Tuesday,11,0.6435,0.0562,0.34,35.37,0.112,24.0,39.2,Cloudy,1,0.8,0.352,0.0,0.8,0.9,0.6,0.77,0.19,0,0,1.05
2023-10-17,Tuesday,12,0.3832,0.0368,0.34,35.48,0.098,22.3,40.7,Cloudy,1,0.8,0.36,0.0,0.8,0.9,0.6,0.77,0.54,0,0,1.05
2023-10-17,Tuesday,13,0.3856,0.0371,0.34,37.85,0.1,17.6,51.8,Rainy,2,1.2,0.088,0.0,0.8,0.9,0.6,0.77,0.53,0,0,1.05
2023-10-17,Tuesday,14,0.3988,0.0384,0.34,35.22,0.102,17.2,31.3,Cloudy,1,0.8,0.328,0.0,0.8,0.9,0.6,0.77,0.44,0,0,1.05
2023-10-17,Tuesday,15,0.3502,0.0444,0.34,37.34,0.119,15.2,59.5,Sunny,0,0.8,0.724,0.0,0.8,0.9,0.6,0.77,0.04,0,0,1.05
2023-10-17,Tuesday,16,0.3312,0.045,0.34,37.31,0.12,13.8,37.1,Sunny,0,0.7,0.6,0.0,0.8,0.9,0.6,0.77,0.0,0,0,1.05
2023-10-17,Tuesday,17,0.3556,0.045,0.34,36.61,0.12,14.8,63.5,Foggy,4,0.5,0.091,0.0,0.8,0.9,0.6,0.77,0.0,0,0,1.05
2023-10-17,Tuesday,18,0.6063,0.06,0.34,41.47,0.12,13.6,46.6,Sunny,0,2.2,0.3,0.0,0.8,0.9,0.9,0.86,0.0,0,0,1.05
2023-10-17,Tuesday,19,0.8108,0.06,0.34,47.77,0.12,13.4,59.4,Sunny,0,3.4,0.0,0.03,0.8,0.9,0.9,0.86,0.0,0,0,1.05
2023-10-17,Tuesday,20,0.6049,0.0559,0.34,42.05,0.112,16.0,84.2,Sunny,0,2.8,0.0,0.0,0.8,0.9,0.9,0.86,0.21,0,0,1.05
2023-10-17,Tuesday,21,0.2462,0.045,0.34,22.87,0.121,14.7,87.3,Rainy,2,5.0,0.0,0.166,0.8,0.9,0.9,0.86,0.0,0,0,1.05
2023-10-17,Tuesday,22,0.2638,0.0432,0.34,20.78,0.115,15.6,82.4,Sunny,0,3.0,0.0,0.003,0.8,0.6,0.9,0.77,0.12,0,0,1.05
2023-10-17,Tuesday,23,0.2307,0.0305,0.34,21.88,0.082,19.8,64.6,Rainy,2,5.8,0.0,0.235,0.8,0.6,0.3,0.59,0.96,0,0,1.05
2023-10-18,Wednesday,0,0.0477,0.0241,0.34,11.59,0.098,18.0,79.1,Stormy,3,4.6,0.0,0.132,0.8,0.2,0.3,0.47,0.59,0,0,1.05
2023-10-18,Wednesday,1,0.0402,0.0233,0.34,10.15,0.093,21.7,65.1,Sunny,0,6.9,0.0,0.323,0.8,0.2,0.3,0.47,0.67,0,0,1.05
2023-10-18,Wednesday,2,0.0513,0.022,0.34,10.75,0.088,21.0,80.3,Sunny,0,7.1,0.0,0.345,0.8,0.2,0.3,0.47,0.8,0,0,1.05
2023-10-18,Wednesday,3,0.0458,0.0271,0.34,9.9,0.108,23.5,78.9,Sunny,0,6.9,0.0,0.322,0.8,0.2,0.3,0.47,0.29,0,0,1.05
2023-10-18,Wednesday,4,0.0597,0.0246,0.34,11.37,0.098,22.3,58.7,Foggy,4,5.7,0.0,0.223,0.8,0.2,0.3,0.47,0.54,0,0,1.05
2023-10-18,Wednesday,5,0.0448,0.0272,0.34,10.92,0.109,23.6,57.2,Cloudy,1,4.9,0.0,0.16,0.8,0.2,0.3,0.47,0.28,0,0,1.05
2023-10-18,Wednesday,6,0.1454,0.0441,0.34,22.21,0.119,24.7,57.3,Rainy,2,5.7,0.03,0.226,0.8,0.2,0.3,0.47,0.06,0,0,1.05
2023-10-18,Wednesday,7,0.1433,0.045,0.34,25.69,0.12,28.1,46.9,Sunny,0,3.8,0.455,0.07,0.8,0.6,0.9,0.77,0.0,0,0,1.05
2023-10-18,Wednesday,8,0.1582,0.0395,0.34,26.93,0.106,23.2,55.5,Rainy,2,4.2,0.06,0.101,0.8,0.6,0.9,0.77,0.37,0,0,1.05
2023-10-18,Wednesday,9,0.644,0.045,0.34,37.02,0.09,21.2,46.8,Sunny,0,2.0,0.724,0.0,0.8,0.9,0.9,0.86,0.75,0,0,1.05
2023-10-18,Wednesday,10,0.8202,0.06,0.34,42.31,0.12,25.1,40.3,Cloudy,1,3.1,0.328,0.008,0.8,0.9,0.6,0.77,0.0,0,0,1.05
2023-10-18,Wednesday,11,0.6692,0.0514,0.34,38.17,0.103,22.9,33.4,Cloudy,1,3.5,0.352,0.039,0.8,0.9,0.6,0.77,0.43,0,0,1.05
2023-10-18,Wednesday,12,0.3913,0.0352,0.34,37.45,0.095,18.3,52.1,Rainy,2,1.1,0.09,0.0,0.8,0.9,0.6,0.77,0.65,0,0,1.05
2023-10-18,Wednesday,13,0.3831,0.0409,0.34,35.02,0.109,16.4,31.0,Cloudy,1,0.7,0.352,0.0,0.8,0.9,0.6,0.77,0.27,0,0,1.05
2023-10-18,Wednesday,14,0.4048,0.0412,0.34,32.86,0.11,16.3,51.8,Sunny,0,1.6,0.82,0.0,0.8,0.9,0.6,0.77,0.25,0,0,1.05
2023-10-18,Wednesday,15,0.3699,0.045,0.34,35.55,0.12,12.8,47.1,Cloudy,1,1.9,0.29,0.0,0.8,0.9,0.6,0.77,0.0,0,0,1.05
2023-10-18,Wednesday,16,0.3645,0.043,0.34,37.39,0.115,15.7,54.6,Cloudy,1,0.9,0.24,0.0,0.8,0.9,0.6,0.77,0.13,0,0,1.05
2023-10-18,Wednesday,17,0.3342,0.045,0.34,35.47,0.12,11.8,49.5,Foggy,4,0.7,0.091,0.0,0.8,0.9,0.6,0.77,0.0,0,0,1.05
2023-10-18,Wednesday,18,0.6106,0.06,0.34,40.12,0.12,11.3,54.6,Sunny,0,2.7,0.3,0.0,0.8,0.9,0.9,0.86,0.0,0,0,1.05
2023-10-18,Wednesday,19,0.8279,0.0515,0.34,46.34,0.103,17.1,65.0,Cloudy,1,2.7,0.0,0.0,0.8,0.9,0.9,0.86,0.42,0,0,1.05
2023-10-18,Wednesday,20,0.5962,0.0538,0.34,43.23,0.108,16.6,66.2,Sunny,0,3.3,0.0,0.021,0.8,0.9,0.9,0.86,0.31,0,0,1.05
2023-10-18,Wednesday,21,0.2503,0.0352,0.34,21.57,0.094,18.3,88.6,Sunny,0,3.5,0.0,0.04,0.8,0.9,0.9,0.86,0.66,0,0,1.05
2023-10-18,Wednesday,22,0.2516,0.045,0.34,20.54,0.12,14.1,78.1,Sunny,0,3.3,0.0,0.021,0.8,0.6,0.9,0.77,0.0,0,0,1.05
2023-10-18,Wednesday,23,0.2531,0.032,0.34,18.91,0.085,20.7,88.4,Foggy,4,4.7,0.0,0.142,0.8,0.6,0.3,0.59,0.87,0,0,1.05
2023-10-19,Thursday,0,0.0409,0.0244,0.34,10.62,0.098,17.8,82.0,Sunny,0,5.5,0.0,0.205,0.8,0.2,0.3,0.47,0.56,0,0,1.05
2023-10-19,Thursday,1,0.0576,0.0216,0.34,9.83,0.086,19.2,81.2,Foggy,4,6.8,0.0,0.317,0.8,0.2,0.3,0.47,0.84,0,0,1.05
2023-10-19,Thursday,2,0.042,0.0283,0.34,9.81,0.113,24.2,81.5,Cloudy,1,4.4,0.0,0.118,0.8,0.2,0.3,0.47,0.17,0,0,1.05
2023-10-19,Thursday,3,0.0417,0.03,0.34,11.74,0.12,27.2,73.2,Cloudy,1,5.4,0.0,0.201,0.8,0.2,0.3,0.47,0.0,0,0,1.05
2023-10-19,Thursday,4,0.0503,0.03,0.34,12.01,0.12,27.9,59.4,Cloudy,1,6.6,0.0,0.297,0.8,0.2,0.3,0.47,0.0,0,0,1.05
2023-10-19,Thursday,5,0.0485,0.03,0.34,10.01,0.12,25.9,63.7,Cloudy,1,5.8,0.0,0.231,0.8,0.2,0.3,0.47,0.0,0,0,1.05
2023-10-19,Thursday,6,0.1644,0.045,0.34,22.1,0.12,26.5,58.7,Sunny,0,4.3,0.3,0.112,0.8,0.2,0.3,0.47,0.0,0,0,1.05
2023-10-19,Thursday,7,0.1528,0.045,0.34,25.71,0.12,27.3,47.3,Sunny,0,3.6,0.455,0.054,0.8,0.6,0.9,0.77,0.0,0,0,1.05
2023-10-19,Thursday,8,0.1467,0.0424,0.34,25.97,0.113,24.1,42.1,Cloudy,1,5.0,0.24,0.168,0.8,0.6,0.9,0.77,0.17,0,0,1.05
2023-10-19,Thursday,9,0.6663,0.06,0.34,39.98,0.121,25.8,42.4,Rainy,2,2.3,0.072,0.0,0.8,0.9,0.9,0.86,0.0,0,0,1.05
2023-10-19,Thursday,10,0.8523,0.0486,0.34,46.31,0.098,22.1,28.9,Rainy,2,3.2,0.082,0.013,0.8,0.9,0.6,0.77,0.57,0,0,1.05
2023-10-19,Thursday,11,0.6391,0.0425,0.34,40.74,0.086,20.6,53.7,Rainy,2,3.6,0.088,0.051,0.8,0.9,0.6,0.77,0.87,0,0,1.05
2023-10-19,Thursday,12,0.3981,0.0364,0.34,33.9,0.098,22.1,25.6,Rainy,2,2.6,0.09,0.0,0.8,0.9,0.6,0.77,0.57,0,0,1.05
2023-10-19,Thursday,13,0.4042,0.0361,0.34,36.83,0.097,18.0,34.7,Rainy,2,0.5,0.088,0.0,0.8,0.9,0.6,0.77,0.59,0,0,1.05
2023-10-19,Thursday,14,0.4039,0.0318,0.34,35.14,0.085,19.4,47.4,Cloudy,1,1.0,0.328,0.0,0.8,0.9,0.6,0.77,0.88,0,0,1.05
2023-10-19,Thursday,15,0.3404,0.0349,0.34,36.1,0.093,18.4,44.9,Sunny,0,0.9,0.724,0.0,0.8,0.9,0.6,0.77,0.67,0,0,1.05
2023-10-19,Thursday,16,0.3395,0.045,0.34,39.44,0.12,13.2,42.2,Sunny,0,0.5,0.6,0.0,0.8,0.9,0.6,0.77,0.0,0,0,1.05
2023-10-19,Thursday,17,0.3657,0.0446,0.34,35.8,0.119,15.1,55.7,Sunny,0,2.6,0.455,0.0,0.8,0.9,0.6,0.77,0.03,0,0,1.05
2023-10-19,Thursday,18,0.5896,0.06,0.34,42.66,0.12,14.4,53.0,Sunny,0,1.1,0.3,0.0,0.8,0.9,0.9,0.86,0.0,0,0,1.05
2023-10-19,Thursday,19,0.836,0.06,0.34,51.69,0.121,12.5,76.0,Rainy,2,2.2,0.0,0.0,0.8,0.9,0.9,0.86,0.0,0,0,1.05
2023-10-19,Thursday,20,0.5914,0.0551,0.34,41.79,0.11,16.2,59.9,Cloudy,1,4.3,0.0,0.109,0.8,0.9,0.9,0.86,0.25,0,0,1.05
2023-10-19,Thursday,21,0.2475,0.045,0.34,22.68,0.12,14.1,78.8,Sunny,0,2.2,0.0,0.0,0.8,0.9,0.9,0.86,0.0,0,0,1.05
2023-10-19,Thursday,22,0.2336,0.0431,0.34,21.97,0.115,15.6,89.8,Cloudy,1,4.0,0.0,0.082,0.8,0.6,0.9,0.77,0.12,0,0,1.05
2023-10-19,Thursday,23,0.2358,0.0307,0.34,19.91,0.082,19.8,66.6,Cloudy,1,5.1,0.0,0.172,0.8,0.6,0.3,0.59,0.96,0,0,1.05
2023-10-20,Friday,0,0.043,0.0239,0.34,12.26,0.096,22.0,86.2,Cloudy,1,4.5,0.0,0.127,0.8,0.2,0.3,0.47,0.61,0,0,1.05
2023-10-20,Friday,1,0.052,0.0226,0.34,11.51,0.091,21.3,79.2,Rainy,2,5.4,0.0,0.197,0.8,0.2,0.3,0.47,0.74,0,0,1.05
2023-10-20,Friday,2,0.0578,0.03,0.34,11.48,0.12,25.9,73.8,Sunny,0,6.6,0.0,0.298,0.8,0.2,0.3,0.47,0.0,0,0,1.05
2023-10-20,Friday,3,0.0538,0.0247,0.34,10.07,0.099,22.3,65.5,Cloudy,1,6.5,0.0,0.289,0.8,0.2,0.3,0.47,0.53,0,0,1.05
2023-10-20,Friday,4,0.0514,0.0266,0.34,11.83,0.106,23.3,55.8,Cloudy,1,5.5,0.0,0.206,0.8,0.2,0.3,0.47,0.34,0,0,1.05
2023-10-20,Friday,5,0.0571,0.0288,0.34,10.7,0.115,24.4,67.0,Sunny,0,5.9,0.0,0.243,0.8,0.2,0.3,0.47,0.12,0,0,1.05
2023-10-20,Friday,6,0.1305,0.0433,0.34,21.66,0.115,24.4,55.7,Sunny,0,3.9,0.3,0.079,0.8,0.2,0.3,0.47,0.12,0,0,1.05
2023-10-20,Friday,7,0.1516,0.0447,0.34,24.14,0.119,24.9,53.7,Cloudy,1,5.9,0.182,0.243,0.8,0.6,0.9,0.77,0.02,0,0,1.05
2023-10-20,Friday,8,0.1451,0.045,0.34,27.05,0.122,27.2,39.8,Stormy,3,4.1,0.06,0.093,0.8,0.6,0.9,0.77,0.0,0,0,1.05
2023-10-20,Friday,9,0.6419,0.0456,0.34,36.09,0.091,21.4,54.2,Cloudy,1,4.6,0.29,0.135,0.8,0.9,0.9,0.86,0.72,0,0,1.05
2023-10-20,Friday,10,0.8562,0.046,0.34,42.33,0.092,21.5,55.3,Cloudy,1,1.7,0.328,0.0,0.8,0.9,0.6,0.77,0.7,0,0,1.05
2023-10-20,Friday,11,0.6535,0.0511,0.34,36.67,0.102,22.8,33.3,Cloudy,1,1.2,0.352,0.0,0.8,0.9,0.6,0.77,0.44,0,0,1.05
2023-10-20,Friday,12,0.4144,0.0306,0.34,36.09,0.082,19.8,25.9,Cloudy,1,3.0,0.36,0.002,0.8,0.9,0.6,0.77,0.96,0,0,1.05
2023-10-20,Friday,13,0.4101,0.0333,0.34,35.6,0.09,18.9,51.6,Rainy,2,1.1,0.088,0.0,0.8,0.9,0.6,0.77,0.78,0,0,1.05
2023-10-20,Friday,14,0.4058,0.0419,0.34,35.77,0.113,16.0,42.0,Rainy,2,0.5,0.082,0.0,0.8,0.9,0.6,0.77,0.21,0,0,1.05
2023-10-20,Friday,15,0.331,0.045,0.34,34.75,0.12,15.0,56.4,Cloudy,1,0.5,0.29,0.0,0.8,0.9,0.6,0.77,0.0,0,0,1.05
2023-10-20,Friday,16,0.3382,0.045,0.34,40.46,0.12,12.9,60.4,Sunny,0,0.5,0.6,0.0,0.8,0.9,0.6,0.77,0.0,0,0,1.05
2023-10-20,Friday,17,0.3549,0.045,0.34,35.17,0.12,12.0,46.0,Cloudy,1,1.9,0.182,0.0,0.8,0.9,0.6,0.77,0.0,0,0,1.05
2023-10-20,Friday,18,0.6141,0.06,0.34,42.81,0.12,11.3,66.2,Sunny,0,1.1,0.3,0.0,0.8,0.9,0.9,0.86,0.0,0,0,1.05
2023-10-20,Friday,19,0.8064,0.06,0.34,47.4,0.12,12.7,61.7,Sunny,0,1.5,0.0,0.0,0.8,0.9,0.9,0.86,0.0,0,0,1.05
2023-10-20,Friday,20,0.5986,0.0547,0.34,41.52,0.109,16.3,67.8,Sunny,0,1.9,0.0,0.0,0.8,0.9,0.9,0.86,0.27,0,0,1.05
2023-10-20,Friday,21,0.2588,0.034,0.34,23.92,0.091,18.7,63.8,Cloudy,1,4.5,0.0,0.124,0.8,0.9,0.9,0.86,0.74,0,0,1.05
2023-10-20,Friday,22,0.2424,0.0354,0.34,21.09,0.094,18.2,78.4,Cloudy,1,5.0,0.0,0.167,0.8,0.6,0.9,0.77,0.64,0,0,1.05
2023-10-20,Friday,23,0.2349,0.0314,0.34,20.97,0.084,20.5,76.5,Sunny,0,5.0,0.0,0.167,0.8,0.6,0.3,0.59,0.91,0,0,1.05
2023-10-21,Saturday,0,0.0332,0.0203,0.44,8.9,0.101,17.3,90.8,Sunny,0,5.8,0.0,0.23,0.3,0.24,0.33,0.29,0.47,1,0,1.05
2023-10-21,Saturday,1,0.0354,0.0162,0.44,8.39,0.081,19.8,88.1,Sunny,0,4.6,0.0,0.131,0.3,0.24,0.33,0.29,0.97,1,0,1.05
2023-10-21,Saturday,2,0.0464,0.0217,0.44,7.61,0.108,23.6,89.0,Foggy,4,7.0,0.0,0.333,0.3,0.24,0.33,0.29,0.29,1,0,1.05
2023-10-21,Saturday,3,0.0425,0.0216,0.44,7.82,0.108,23.5,71.4,Sunny,0,6.1,0.0,0.259,0.3,0.24,0.33,0.29,0.3,1,0,1.05
2023-10-21,Saturday,4,0.0371,0.0239,0.44,9.6,0.119,24.9,56.6,Cloudy,1,7.1,0.0,0.341,0.3,0.24,0.33,0.29,0.01,1,0,1.05
2023-10-21,Saturday,5,0.0421,0.0206,0.44,9.45,0.103,22.9,70.6,Cloudy,1,6.4,0.0,0.286,0.3,0.24,0.33,0.29,0.43,1,0,1.05
2023-10-21,Saturday,6,0.116,0.036,0.44,16.3,0.12,26.3,70.1,Cloudy,1,5.9,0.12,0.243,0.3,0.24,0.33,0.29,0.0,1,0,1.05
2023-10-21,Saturday,7,0.1185,0.0331,0.44,18.87,0.11,23.8,42.1,Sunny,0,5.0,0.455,0.171,0.3,0.72,0.99,0.63,0.24,1,0,1.05
2023-10-21,Saturday,8,0.1329,0.036,0.44,20.41,0.12,27.4,57.5,Sunny,0,5.6,0.6,0.214,0.3,0.72,0.99,0.63,0.0,1,0,1.05
2023-10-21,Saturday,9,0.5324,0.0371,0.44,32.72,0.093,21.6,32.6,Sunny,0,2.7,0.724,0.0,0.3,1.08,0.99,0.74,0.68,1,0,1.05
2023-10-21,Saturday,10,0.6861,0.0359,0.44,34.43,0.09,21.2,46.9,Sunny,0,3.8,0.82,0.066,0.3,1.08,0.66,0.64,0.76,1,0,1.05
2023-10-21,Saturday,11,0.523,0.0345,0.44,28.85,0.086,20.8,39.6,Sunny,0,0.9,0.88,0.0,0.3,1.08,0.66,0.64,0.84,1,0,1.05
2023-10-21,Saturday,12,0.3236,0.027,0.44,29.12,0.09,21.3,41.2,Sunny,0,0.5,0.9,0.0,0.3,1.08,0.66,0.64,0.75,1,0,1.05
2023-10-21,Saturday,13,0.3154,0.0249,0.44,27.26,0.083,19.6,50.4,Cloudy,1,1.3,0.352,0.0,0.3,1.08,0.66,0.64,0.93,1,0,1.05
2023-10-21,Saturday,14,0.3155,0.0279,0.44,27.38,0.093,18.4,35.7,Cloudy,1,0.5,0.328,0.0,0.3,1.08,0.66,0.64,0.67,1,0,1.05
2023-10-21,Saturday,15,0.284,0.0278,0.44,29.71,0.093,18.4,33.7,Sunny,0,0.5,0.724,0.0,0.3,1.08,0.66,0.64,0.68,1,0,1.05
2023-10-21,Saturday,16,0.2662,0.036,0.44,35.34,0.121,14.2,43.5,Rainy,2,0.5,0.06,0.0,0.3,1.08,0.66,0.64,0.0,1,0,1.05
2023-10-21,Saturday,17,0.2799,0.036,0.44,30.84,0.12,12.5,64.9,Cloudy,1,0.7,0.182,0.0,0.3,1.08,0.66,0.64,0.0,1,0,1.05
2023-10-21,Saturday,18,0.4958,0.048,0.44,35.21,0.121,11.1,47.3,Rainy,2,0.8,0.03,0.0,0.3,1.08,0.99,0.74,0.0,1,0,1.05
2023-10-21,Saturday,19,0.6659,0.048,0.44,41.91,0.12,14.9,72.3,Sunny,0,1.7,0.0,0.0,0.3,1.08,0.99,0.74,0.0,1,0,1.05
2023-10-21,Saturday,20,0.4932,0.0433,0.44,33.87,0.108,16.5,65.3,Sunny,0,2.4,0.0,0.0,0.3,1.08,0.99,0.74,0.3,1,0,1.05
2023-10-21,Saturday,21,0.201,0.036,0.44,19.62,0.121,13.2,83.9,Rainy,2,3.9,0.0,0.076,0.3,1.08,0.99,0.74,0.0,1,0,1.05
2023-10-21,Saturday,22,0.1847,0.0331,0.44,19.45,0.111,16.2,87.9,Rainy,2,4.3,0.0,0.111,0.3,0.72,0.99,0.63,0.24,1,0,1.05
2023-10-21,Saturday,23,0.1877,0.0344,0.44,14.89,0.115,15.7,72.2,Cloudy,1,3.7,0.0,0.062,0.3,0.72,0.33,0.43,0.13,1,0,1.05
2023-10-22,Sunday,0,0.0433,0.0177,0.44,9.41,0.09,18.9,86.4,Rainy,2,6.1,0.0,0.261,0.3,0.24,0.33,0.29,0.78,1,0,1.05
2023-10-22,Sunday,1,0.0423,0.0203,0.44,9.21,0.102,22.7,65.0,Rainy,2,6.6,0.0,0.296,0.3,0.24,0.33,0.29,0.46,1,0,1.05
2023-10-22,Sunday,2,0.0417,0.0233,0.44,9.67,0.117,24.6,83.7,Cloudy,1,6.3,0.0,0.274,0.3,0.24,0.33,0.29,0.08,1,0,1.05
2023-10-22,Sunday,3,0.0369,0.0239,0.44,8.21,0.12,25.0,65.8,Sunny,0,7.0,0.0,0.331,0.3,0.24,0.33,0.29,0.01,1,0,1.05
2023-10-22,Sunday,4,0.0451,0.024,0.44,10.24,0.121,27.7,84.7,Rainy,2,6.8,0.0,0.319,0.3,0.24,0.33,0.29,0.0,1,0,1.05
2023-10-22,Sunday,5,0.0408,0.024,0.44,8.3,0.12,27.7,77.2,Sunny,0,6.6,0.0,0.299,0.3,0.24,0.33,0.29,0.0,1,0,1.05
2023-10-22,Sunday,6,0.1126,0.036,0.44,18.41,0.12,27.2,51.7,Cloudy,1,6.2,0.12,0.265,0.3,0.24,0.33,0.29,0.0,1,0,1.05
2023-10-22,Sunday,7,0.1145,0.0352,0.44,19.18,0.117,24.7,44.4,Cloudy,1,4.1,0.182,0.088,0.3,0.72,0.99,0.63,0.07,1,0,1.05
2023-10-22,Sunday,8,0.11,0.0306,0.44,18.39,0.102,22.7,49.7,Sunny,0,3.7,0.6,0.058,0.3,0.72,0.99,0.63,0.45,1,0,1.05
2023-10-22,Sunday,9,0.5124,0.0422,0.44,29.25,0.106,23.2,43.4,Cloudy,1,3.6,0.29,0.05,0.3,1.08,0.99,0.74,0.36,1,0,1.05
2023-10-22,Sunday,10,0.6892,0.0354,0.44,33.83,0.089,21.1,30.0,Cloudy,1,1.8,0.328,0.0,0.3,1.08,0.66,0.64,0.79,1,0,1.05
2023-10-22,Sunday,11,0.5086,0.0361,0.44,31.27,0.091,18.7,47.0,Rainy,2,2.9,0.088,0.0,0.3,1.08,0.66,0.64,0.74,1,0,1.05
2023-10-22,Sunday,12,0.3105,0.0254,0.44,27.22,0.085,19.4,51.4,Sunny,0,1.8,0.9,0.0,0.3,1.08,0.66,0.64,0.88,1,0,1.05
2023-10-22,Sunday,13,0.3344,0.0286,0.44,29.72,0.096,18.1,50.1,Rainy,2,1.0,0.088,0.0,0.3,1.08,0.66,0.64,0.61,1,0,1.05
2023-10-22,Sunday,14,0.3119,0.0353,0.44,30.05,0.119,15.3,34.0,Rainy,2,2.3,0.082,0.0,0.3,1.08,0.66,0.64,0.05,1,0,1.05
2023-10-22,Sunday,15,0.2709,0.0298,0.44,29.0,0.099,17.6,52.7,Sunny,0,1.6,0.724,0.0,0.3,1.08,0.66,0.64,0.52,1,0,1.05
2023-10-22,Sunday,16,0.295,0.036,0.44,32.93,0.121,14.2,42.9,Rainy,2,1.3,0.06,0.0,0.3,1.08,0.66,0.64,0.0,1,0,1.05
2023-10-22,Sunday,17,0.2681,0.036,0.44,30.66,0.12,14.6,54.4,Cloudy,1,1.9,0.182,0.0,0.3,1.08,0.66,0.64,0.0,1,0,1.05
2023-10-22,Sunday,18,0.4797,0.048,0.44,34.71,0.12,11.2,74.8,Cloudy,1,0.5,0.12,0.0,0.3,1.08,0.99,0.74,0.0,1,0,1.05
2023-10-22,Sunday,19,0.6618,0.048,0.44,39.13,0.12,13.3,64.9,Cloudy,1,3.2,0.0,0.014,0.3,1.08,0.99,0.74,0.0,1,0,1.05
2023-10-22,Sunday,20,0.4935,0.0412,0.44,36.23,0.104,17.1,71.6,Rainy,2,2.3,0.0,0.0,0.3,1.08,0.99,0.74,0.43,1,0,1.05
2023-10-22,Sunday,21,0.1933,0.0297,0.44,18.61,0.099,17.6,73.5,Cloudy,1,3.5,0.0,0.039,0.3,1.08,0.99,0.74,0.53,1,0,1.05
2023-10-22,Sunday,22,0.2116,0.0253,0.44,19.62,0.085,19.4,79.4,Rainy,2,5.3,0.0,0.195,0.3,0.72,0.99,0.63,0.89,1,0,1.05
2023-10-22,Sunday,23,0.205,0.026,0.44,17.79,0.088,19.2,89.5,Rainy,2,4.7,0.0,0.143,0.3,0.72,0.33,0.43,0.84,1,0,1.05
2023-10-23,Monday,0,0.0409,0.0214,0.34,12.14,0.085,20.7,69.1,Sunny,0,5.0,0.0,0.166,0.8,0.2,0.3,0.47,0.86,0,0,1.05
2023-10-23,Monday,1,0.0554,0.0278,0.34,11.06,0.112,23.9,88.1,Rainy,2,6.7,0.0,0.309,0.8,0.2,0.3,0.47,0.22,0,0,1.05
2023-10-23,Monday,2,0.0472,0.0275,0.34,12.23,0.11,23.7,75.3,Sunny,0,6.6,0.0,0.301,0.8,0.2,0.3,0.47,0.25,0,0,1.05
2023-10-23,Monday,3,0.0479,0.03,0.34,11.34,0.121,26.0,60.9,Rainy,2,6.6,0.0,0.3,0.8,0.2,0.3,0.47,0.0,0,0,1.05
2023-10-23,Monday,4,0.0451,0.03,0.34,10.84,0.12,26.5,58.0,Sunny,0,5.3,0.0,0.196,0.8,0.2,0.3,0.47,0.0,0,0,1.05
2023-10-23,Monday,5,0.0545,0.0281,0.34,10.45,0.112,24.1,55.5,Sunny,0,6.3,0.0,0.279,0.8,0.2,0.3,0.47,0.19,0,0,1.05
2023-10-23,Monday,6,0.1581,0.045,0.34,23.0,0.12,28.6,45.4,Sunny,0,6.3,0.3,0.273,0.8,0.2,0.3,0.47,0.0,0,0,1.05
2023-10-23,Monday,7,0.1367,0.045,0.34,25.79,0.12,25.2,66.5,Cloudy,1,3.4,0.182,0.034,0.8,0.6,0.9,0.77,0.0,0,0,1.05
2023-10-23,Monday,8,0.1526,0.045,0.34,25.36,0.12,28.0,36.9,Sunny,0,5.3,0.6,0.195,0.8,0.6,0.9,0.77,0.0,0,0,1.05
2023-10-23,Monday,9,0.6389,0.0537,0.34,36.93,0.107,23.4,47.7,Sunny,0,4.7,0.724,0.138,0.8,0.9,0.9,0.86,0.32,0,0,1.05
2023-10-23,Monday,10,0.8769,0.0403,0.34,48.59,0.082,20.1,50.2,Rainy,2,1.7,0.082,0.0,0.8,0.9,0.6,0.77,0.98,0,0,1.05
2023-10-23,Monday,11,0.6473,0.0559,0.34,37.7,0.112,24.0,38.6,Sunny,0,1.7,0.88,0.0,0.8,0.9,0.6,0.77,0.2,0,0,1.05
2023-10-23,Monday,12,0.4045,0.03,0.34,36.61,0.081,20.0,38.7,Rainy,2,2.2,0.09,0.0,0.8,0.9,0.6,0.77,1.0,0,0,1.05
2023-10-23,Monday,13,0.4159,0.0366,0.34,35.35,0.097,17.8,38.0,Sunny,0,1.0,0.88,0.0,0.8,0.9,0.6,0.77,0.56,0,0,1.05
2023-10-23,Monday,14,0.3814,0.0447,0.34,34.31,0.119,15.1,48.1,Cloudy,1,0.5,0.328,0.0,0.8,0.9,0.6,0.77,0.02,0,0,1.05
2023-10-23,Monday,15,0.3652,0.045,0.34,36.6,0.12,13.4,46.1,Cloudy,1,2.5,0.29,0.0,0.8,0.9,0.6,0.77,0.0,0,0,1.05
2023-10-23,Monday,16,0.3343,0.045,0.34,38.39,0.12,14.8,44.7,Cloudy,1,0.5,0.24,0.0,0.8,0.9,0.6,0.77,0.0,0,0,1.05
2023-10-23,Monday,17,0.362,0.0437,0.34,34.58,0.116,15.4,60.8,Sunny,0,1.1,0.455,0.0,0.8,0.9,0.6,0.77,0.09,0,0,1.05
2023-10-23,Monday,18,0.5983,0.06,0.34,48.9,0.122,13.5,55.5,Stormy,3,1.2,0.03,0.0,0.8,0.9,0.9,0.86,0.0,0,0,1.05
2023-10-23,Monday,19,0.8425,0.06,0.34,46.47,0.12,12.3,77.1,Cloudy,1,2.7,0.0,0.0,0.8,0.9,0.9,0.86,0.0,0,0,1.05
2023-10-23,Monday,20,0.595,0.06,0.34,41.06,0.12,13.5,66.7,Cloudy,1,2.8,0.0,0.0,0.8,0.9,0.9,0.86,0.0,0,0,1.05
2023-10-23,Monday,21,0.2423,0.0348,0.34,20.93,0.093,18.4,82.8,Sunny,0,2.4,0.0,0.0,0.8,0.9,0.9,0.86,0.68,0,0,1.05
2023-10-23,Monday,22,0.2457,0.0357,0.34,21.7,0.095,18.1,80.7,Sunny,0,3.3,0.0,0.027,0.8,0.6,0.9,0.77,0.62,0,0,1.05
2023-10-23,Monday,23,0.2378,0.0365,0.34,20.75,0.097,17.8,71.8,Sunny,0,6.2,0.0,0.269,0.8,0.6,0.3,0.59,0.57,0,0,1.05
2023-10-24,Tuesday,0,0.046,0.0209,0.34,12.31,0.085,19.5,83.1,Rainy,2,4.6,0.0,0.133,0.8,0.2,0.3,0.47,0.91,0,0,1.05
2023-10-24,Tuesday,1,0.0509,0.0238,0.34,9.87,0.095,21.9,92.4,Sunny,0,5.8,0.0,0.231,0.8,0.2,0.3,0.47,0.62,0,0,1.05
2023-10-24,Tuesday,2,0.043,0.0236,0.34,11.93,0.094,21.8,70.2,Sunny,0,6.3,0.0,0.278,0.8,0.2,0.3,0.47,0.64,0,0,1.05
2023-10-24,Tuesday,3,0.0511,0.0278,0.34,11.47,0.111,23.9,86.0,Sunny,0,5.4,0.0,0.196,0.8,0.2,0.3,0.47,0.22,0,0,1.05
2023-10-24,Tuesday,4,0.0551,0.0261,0.34,11.78,0.104,23.0,68.0,Cloudy,1,6.3,0.0,0.278,0.8,0.2,0.3,0.47,0.39,0,0,1.05
2023-10-24,Tuesday,5,0.0421,0.03,0.34,11.67,0.12,28.3,67.7,Cloudy,1,6.7,0.0,0.307,0.8,0.2,0.3,0.47,0.0,0,0,1.05
2023-10-24,Tuesday,6,0.1595,0.0444,0.34,20.56,0.118,24.8,61.5,Cloudy,1,6.5,0.12,0.293,0.8,0.2,0.3,0.47,0.04,0,0,1.05
2023-10-24,Tuesday,7,0.1619,0.0414,0.34,25.61,0.11,23.8,64.9,Foggy,4,3.7,0.091,0.06,0.8,0.6,0.9,0.77,0.24,0,0,1.05
2023-10-24,Tuesday,8,0.1517,0.037,0.34,25.08,0.099,22.3,35.9,Sunny,0,3.0,0.6,0.0,0.8,0.6,0.9,0.77,0.53,0,0,1.05
2023-10-24,Tuesday,9,0.6545,0.06,0.34,36.37,0.12,25.0,49.2,Cloudy,1,3.6,0.29,0.052,0.8,0.9,0.9,0.86,0.0,0,0,1.05
2023-10-24,Tuesday,10,0.8546,0.048,0.34,42.22,0.096,22.0,31.0,Cloudy,1,1.7,0.328,0.0,0.8,0.9,0.6,0.77,0.6,0,0,1.05
2023-10-24,Tuesday,11,0.6408,0.0427,0.34,37.23,0.085,20.7,55.6,Sunny,0,2.8,0.88,0.0,0.8,0.9,0.6,0.77,0.86,0,0,1.05
2023-10-24,Tuesday,12,0.3925,0.0384,0.34,36.36,0.103,17.2,43.5,Rainy,2,1.9,0.09,0.0,0.8,0.9,0.6,0.77,0.44,0,0,1.05
2023-10-24,Tuesday,13,0.393,0.0341,0.34,33.21,0.091,21.4,47.9,Cloudy,1,0.8,0.352,0.0,0.8,0.9,0.6,0.77,0.73,0,0,1.05
2023-10-24,Tuesday,14,0.4012,0.043,0.34,34.59,0.115,15.7,30.9,Cloudy,1,2.2,0.328,0.0,0.8,0.9,0.6,0.77,0.13,0,0,1.05
2023-10-24,Tuesday,15,0.3527,0.045,0.34,36.83,0.121,13.7,34.1,Rainy,2,0.5,0.072,0.0,0.8,0.9,0.6,0.77,0.0,0,0,1.05
2023-10-24,Tuesday,16,0.3568,0.0408,0.34,41.52,0.111,16.4,47.6,Stormy,3,0.5,0.06,0.0,0.8,0.9,0.6,0.77,0.28,0,0,1.05
2023-10-24,Tuesday,17,0.3654,0.0395,0.34,37.19,0.105,16.8,68.6,Sunny,0,2.8,0.455,0.0,0.8,0.9,0.6,0.77,0.37,0,0,1.05
2023-10-24,Tuesday,18,0.5825,0.0596,0.34,42.44,0.12,15.1,73.1,Rainy,2,0.8,0.03,0.0,0.8,0.9,0.9,0.86,0.02,0,0,1.05
2023-10-24,Tuesday,19,0.7943,0.06,0.34,47.56,0.12,13.5,78.8,Sunny,0,3.7,0.0,0.058,0.8,0.9,0.9,0.86,0.0,0,0,1.05
2023-10-24,Tuesday,20,0.6062,0.0513,0.34,41.07,0.103,17.2,69.9,Sunny,0,1.6,0.0,0.0,0.8,0.9,0.9,0.86,0.44,0,0,1.05
2023-10-24,Tuesday,21,0.2391,0.0386,0.34,20.38,0.103,17.1,84.3,Cloudy,1,3.8,0.0,0.07,0.8,0.9,0.9,0.86,0.43,0,0,1.05
2023-10-24,Tuesday,22,0.239,0.045,0.34,19.92,0.12,14.7,71.4,Cloudy,1,4.0,0.0,0.084,0.8,0.6,0.9,0.77,0.0,0,0,1.05
2023-10-24,Tuesday,23,0.2403,0.0366,0.34,20.56,0.099,17.8,75.1,Rainy,2,5.8,0.0,0.234,0.8,0.6,0.3,0.59,0.56,0,0,1.05
2023-10-25,Wednesday,0,0.0476,0.0254,0.34,13.04,0.104,22.7,92.0,Stormy,3,6.0,0.0,0.25,0.8,0.2,0.3,0.47,0.46,0,0,1.05
2023-10-25,Wednesday,1,0.0465,0.0213,0.34,11.21,0.085,20.6,64.6,Cloudy,1,6.8,0.0,0.314,0.8,0.2,0.3,0.47,0.87,0,0,1.05
2023-10-25,Wednesday,2,0.0509,0.0279,0.34,9.89,0.112,24.0,90.2,Cloudy,1,7.3,0.0,0.36,0.8,0.2,0.3,0.47,0.21,0,0,1.05
2023-10-25,Wednesday,3,0.0473,0.0284,0.34,11.9,0.113,24.2,81.5,Cloudy,1,5.0,0.0,0.166,0.8,0.2,0.3,0.47,0.16,0,0,1.05
2023-10-25,Wednesday,4,0.0439,0.0283,0.34,10.12,0.113,24.2,73.1,Sunny,0,5.1,0.0,0.171,0.8,0.2,0.3,0.47,0.17,0,0,1.05
2023-10-25,Wednesday,5,0.0594,0.03,0.34,11.09,0.121,28.7,71.9,Rainy,2,4.6,0.0,0.134,0.8,0.2,0.3,0.47,0.0,0,0,1.05
2023-10-25,Wednesday,6,0.1324,0.0396,0.34,22.39,0.106,23.2,52.3,Sunny,0,5.7,0.3,0.229,0.8,0.2,0.3,0.47,0.36,0,0,1.05
2023-10-25,Wednesday,7,0.1349,0.0423,0.34,23.46,0.113,24.1,56.5,Sunny,0,3.4,0.455,0.037,0.8,0.6,0.9,0.77,0.18,0,0,1.05
2023-10-25,Wednesday,8,0.1434,0.0375,0.34,25.0,0.1,22.5,63.2,Sunny,0,5.6,0.6,0.217,0.8,0.6,0.9,0.77,0.5,0,0,1.05
2023-10-25,Wednesday,9,0.6326,0.06,0.34,42.7,0.121,25.4,33.7,Rainy,2,3.1,0.072,0.007,0.8,0.9,0.9,0.86,0.0,0,0,1.05
2023-10-25,Wednesday,10,0.8627,0.06,0.34,46.56,0.121,25.1,30.5,Rainy,2,2.5,0.082,0.0,0.8,0.9,0.6,0.77,0.0,0,0,1.05
2023-10-25,Wednesday,11,0.6561,0.055,0.34,36.89,0.11,23.7,38.6,Sunny,0,2.0,0.88,0.0,0.8,0.9,0.6,0.77,0.25,0,0,1.05
2023-10-25,Wednesday,12,0.3959,0.0345,0.34,34.57,0.092,18.5,30.7,Foggy,4,1.3,0.18,0.0,0.8,0.9,0.6,0.77,0.7,0,0,1.05
2023-10-25,Wednesday,13,0.3908,0.0393,0.34,35.55,0.106,16.9,32.8,Rainy,2,0.5,0.088,0.0,0.8,0.9,0.6,0.77,0.38,0,0,1.05
2023-10-25,Wednesday,14,0.3878,0.0399,0.34,36.79,0.107,16.7,40.8,Rainy,2,0.6,0.082,0.0,0.8,0.9,0.6,0.77,0.34,0,0,1.05
2023-10-25,Wednesday,15,0.3497,0.0397,0.34,37.77,0.106,16.8,54.6,Cloudy,1,0.9,0.29,0.0,0.8,0.9,0.6,0.77,0.35,0,0,1.05
2023-10-25,Wednesday,16,0.3363,0.0397,0.34,40.59,0.106,16.8,44.4,Cloudy,1,1.1,0.24,0.0,0.8,0.9,0.6,0.77,0.36,0,0,1.05
2023-10-25,Wednesday,17,0.3325,0.045,0.34,36.54,0.12,13.3,66.2,Sunny,0,1.8,0.455,0.0,0.8,0.9,0.6,0.77,0.0,0,0,1.05
2023-10-25,Wednesday,18,0.5857,0.06,0.34,44.23,0.12,14.8,70.9,Cloudy,1,3.1,0.12,0.008,0.8,0.9,0.9,0.86,0.0,0,0,1.05
2023-10-25,Wednesday,19,0.8268,0.06,0.34,49.24,0.12,14.8,52.5,Cloudy,1,3.3,0.0,0.024,0.8,0.9,0.9,0.86,0.0,0,0,1.05
2023-10-25,Wednesday,20,0.6053,0.0499,0.34,44.61,0.1,17.5,77.1,Cloudy,1,4.0,0.0,0.087,0.8,0.9,0.9,0.86,0.5,0,0,1.05
2023-10-25,Wednesday,21,0.2309,0.045,0.34,22.3,0.12,12.9,71.5,Cloudy,1,4.9,0.0,0.16,0.8,0.9,0.9,0.86,0.0,0,0,1.05
2023-10-25,Wednesday,22,0.2619,0.0414,0.34,20.6,0.111,16.2,63.7,Rainy,2,5.3,0.0,0.194,0.8,0.6,0.9,0.77,0.24,0,0,1.05
2023-10-25,Wednesday,23,0.2306,0.0381,0.34,19.03,0.102,17.3,67.4,Sunny,0,4.5,0.0,0.129,0.8,0.6,0.3,0.59,0.46,0,0,1.05
2023-10-26,Thursday,0,0.0478,0.0235,0.34,11.39,0.095,21.8,93.9,Rainy,2,5.0,0.0,0.17,0.8,0.2,0.3,0.47,0.65,0,0,1.05
2023-10-26,Thursday,1,0.0575,0.022,0.34,9.97,0.088,21.0,75.1,Cloudy,1,5.8,0.0,0.229,0.8,0.2,0.3,0.47,0.8,0,0,1.05
2023-10-26,Thursday,2,0.0551,0.03,0.34,10.19,0.12,25.4,69.5,Cloudy,1,4.6,0.0,0.131,0.8,0.2,0.3,0.47,0.0,0,0,1.05
2023-10-26,Thursday,3,0.0505,0.0274,0.34,11.23,0.11,23.7,68.3,Rainy,2,6.5,0.0,0.288,0.8,0.2,0.3,0.47,0.26,0,0,1.05
2023-10-26,Thursday,4,0.0493,0.0284,0.34,11.54,0.113,24.2,84.6,Sunny,0,6.2,0.0,0.267,0.8,0.2,0.3,0.47,0.16,0,0,1.05
2023-10-26,Thursday,5,0.0535,0.0289,0.34,10.39,0.115,24.4,59.5,Sunny,0,6.5,0.0,0.293,0.8,0.2,0.3,0.47,0.11,0,0,1.05
2023-10-26,Thursday,6,0.1479,0.0401,0.34,22.77,0.107,23.4,46.9,Cloudy,1,4.7,0.12,0.142,0.8,0.2,0.3,0.47,0.33,0,0,1.05
2023-10-26,Thursday,7,0.1377,0.045,0.34,24.78,0.12,27.8,44.9,Sunny,0,3.6,0.455,0.051,0.8,0.6,0.9,0.77,0.0,0,0,1.05
2023-10-26,Thursday,8,0.1344,0.045,0.34,22.54,0.12,26.3,61.1,Sunny,0,5.1,0.6,0.174,0.8,0.6,0.9,0.77,0.0,0,0,1.05
2023-10-26,Thursday,9,0.645,0.06,0.34,37.22,0.12,26.9,51.1,Cloudy,1,2.2,0.29,0.0,0.8,0.9,0.9,0.86,0.0,0,0,1.05
2023-10-26,Thursday,10,0.8218,0.0564,0.34,43.63,0.112,24.1,43.0,Foggy,4,3.5,0.164,0.041,0.8,0.9,0.6,0.77,0.18,0,0,1.05
2023-10-26,Thursday,11,0.6409,0.0456,0.34,38.51,0.091,21.4,44.1,Sunny,0,3.6,0.88,0.05,0.8,0.9,0.6,0.77,0.72,0,0,1.05
2023-10-26,Thursday,12,0.3963,0.0349,0.34,33.87,0.093,21.6,38.5,Sunny,0,3.1,0.9,0.005,0.8,0.9,0.6,0.77,0.67,0,0,1.05
2023-10-26,Thursday,13,0.3869,0.0343,0.34,35.9,0.091,21.4,34.2,Sunny,0,0.6,0.88,0.0,0.8,0.9,0.6,0.77,0.72,0,0,1.05
2023-10-26,Thursday,14,0.3862,0.0347,0.34,35.39,0.092,18.4,33.4,Foggy,4,0.5,0.164,0.0,0.8,0.9,0.6,0.77,0.69,0,0,1.05
2023-10-26,Thursday,15,0.3393,0.0444,0.34,34.77,0.118,15.2,37.3,Sunny,0,0.9,0.724,0.0,0.8,0.9,0.6,0.77,0.04,0,0,1.05
2023-10-26,Thursday,16,0.3548,0.045,0.34,40.39,0.12,12.4,43.0,Sunny,0,1.3,0.6,0.0,0.8,0.9,0.6,0.77,0.0,0,0,1.05
2023-10-26,Thursday,17,0.3692,0.045,0.34,35.87,0.12,11.9,59.4,Foggy,4,2.3,0.091,0.0,0.8,0.9,0.6,0.77,0.0,0,0,1.05
2023-10-26,Thursday,18,0.5867,0.06,0.34,40.74,0.12,12.3,56.0,Sunny,0,3.0,0.3,0.003,0.8,0.9,0.9,0.86,0.0,0,0,1.05
2023-10-26,Thursday,19,0.7996,0.06,0.34,50.36,0.121,14.6,67.2,Rainy,2,3.5,0.0,0.04,0.8,0.9,0.9,0.86,0.0,0,0,1.05
2023-10-26,Thursday,20,0.6064,0.0591,0.34,43.45,0.118,15.2,56.2,Cloudy,1,1.8,0.0,0.0,0.8,0.9,0.9,0.86,0.05,0,0,1.05
2023-10-26,Thursday,21,0.2618,0.045,0.34,22.6,0.121,14.9,88.6,Rainy,2,2.5,0.0,0.0,0.8,0.9,0.9,0.86,0.0,0,0,1.05
2023-10-26,Thursday,22,0.249,0.045,0.34,21.6,0.121,14.9,83.3,Rainy,2,3.8,0.0,0.063,0.8,0.6,0.9,0.77,0.0,0,0,1.05
2023-10-26,Thursday,23,0.2433,0.0326,0.34,20.17,0.087,19.1,89.9,Sunny,0,5.4,0.0,0.197,0.8,0.6,0.3,0.59,0.83,0,0,1.05
2023-10-27,Friday,0,0.0461,0.021,0.34,12.02,0.084,20.5,67.5,Sunny,0,4.0,0.0,0.085,0.8,0.2,0.3,0.47,0.9,0,0,1.05
2023-10-27,Friday,1,0.043,0.0273,0.34,11.26,0.109,23.7,89.2,Cloudy,1,6.3,0.0,0.274,0.8,0.2,0.3,0.47,0.27,0,0,1.05
2023-10-27,Friday,2,0.0542,0.0278,0.34,9.88,0.111,23.9,65.3,Sunny,0,4.8,0.0,0.146,0.8,0.2,0.3,0.47,0.22,0,0,1.05
2023-10-27,Friday,3,0.0591,0.0276,0.34,12.49,0.113,23.8,78.6,Stormy,3,4.8,0.0,0.15,0.8,0.2,0.3,0.47,0.24,0,0,1.05
2023-10-27,Friday,4,0.0486,0.0274,0.34,11.94,0.11,23.7,62.3,Sunny,0,4.8,0.0,0.152,0.8,0.2,0.3,0.47,0.26,0,0,1.05
2023-10-27,Friday,5,0.0576,0.03,0.34,10.92,0.12,27.9,53.7,Sunny,0,5.3,0.0,0.192,0.8,0.2,0.3,0.47,0.0,0,0,1.05
2023-10-27,Friday,6,0.1338,0.0433,0.34,24.39,0.117,24.4,50.4,Rainy,2,5.9,0.03,0.242,0.8,0.2,0.3,0.47,0.11,0,0,1.05
2023-10-27,Friday,7,0.1561,0.0437,0.34,22.85,0.117,24.6,54.1,Sunny,0,6.0,0.455,0.247,0.8,0.6,0.9,0.77,0.08,0,0,1.05
2023-10-27,Friday,8,0.1419,0.045,0.34,26.31,0.12,28.1,63.8,Sunny,0,3.2,0.6,0.014,0.8,0.6,0.9,0.77,0.0,0,0,1.05
2023-10-27,Friday,9,0.6403,0.051,0.34,36.65,0.102,22.8,41.2,Cloudy,1,3.7,0.29,0.061,0.8,0.9,0.9,0.86,0.45,0,0,1.05
2023-10-27,Friday,10,0.8382,0.0446,0.34,42.89,0.089,21.2,53.5,Cloudy,1,4.0,0.328,0.08,0.8,0.9,0.6,0.77,0.77,0,0,1.05
2023-10-27,Friday,11,0.6429,0.0514,0.34,38.55,0.103,22.9,50.1,Sunny,0,2.1,0.88,0.0,0.8,0.9,0.6,0.77,0.43,0,0,1.05
2023-10-27,Friday,12,0.3934,0.0355,0.34,34.2,0.095,21.8,41.8,Cloudy,1,0.9,0.36,0.0,0.8,0.9,0.6,0.77,0.63,0,0,1.05
2023-10-27,Friday,13,0.411,0.0302,0.34,34.75,0.081,19.9,34.6,Sunny,0,1.3,0.88,0.0,0.8,0.9,0.6,0.77,0.99,0,0,1.05
2023-10-27,Friday,14,0.3839,0.039,0.34,35.42,0.105,17.0,37.1,Rainy,2,0.7,0.082,0.0,0.8,0.9,0.6,0.77,0.4,0,0,1.05
2023-10-27,Friday,15,0.3675,0.0385,0.34,35.35,0.103,17.2,48.2,Cloudy,1,1.8,0.29,0.0,0.8,0.9,0.6,0.77,0.43,0,0,1.05
2023-10-27,Friday,16,0.3453,0.0443,0.34,39.87,0.118,15.2,38.9,Sunny,0,1.8,0.6,0.0,0.8,0.9,0.6,0.77,0.05,0,0,1.05
2023-10-27,Friday,17,0.3519,0.045,0.34,35.13,0.12,11.3,67.7,Foggy,4,0.5,0.091,0.0,0.8,0.9,0.6,0.77,0.0,0,0,1.05
2023-10-27,Friday,18,0.6058,0.0546,0.34,42.82,0.109,16.3,63.0,Sunny,0,3.0,0.3,0.003,0.8,0.9,0.9,0.86,0.27,0,0,1.05
2023-10-27,Friday,19,0.8478,0.06,0.34,51.02,0.12,12.2,50.5,Sunny,0,1.8,0.0,0.0,0.8,0.9,0.9,0.86,0.0,0,0,1.05
2023-10-27,Friday,20,0.6093,0.0498,0.34,40.33,0.1,17.5,75.9,Sunny,0,2.9,0.0,0.0,0.8,0.9,0.9,0.86,0.51,0,0,1.05
2023-10-27,Friday,21,0.2694,0.0379,0.34,23.04,0.101,17.4,62.1,Sunny,0,4.4,0.0,0.118,0.8,0.9,0.9,0.86,0.48,0,0,1.05
2023-10-27,Friday,22,0.2543,0.0353,0.34,25.73,0.096,18.2,87.7,Stormy,3,4.5,0.0,0.125,0.8,0.6,0.9,0.77,0.64,0,0,1.05
2023-10-27,Friday,23,0.2672,0.0319,0.34,21.33,0.085,19.4,85.7,Cloudy,1,3.4,0.0,0.034,0.8,0.6,0.3,0.59,0.88,0,0,1.05
2023-10-28,Saturday,0,0.0374,0.0164,0.44,8.16,0.081,19.8,78.7,Foggy,4,6.4,0.0,0.283,0.3,0.24,0.33,0.29,0.95,1,0,1.05
2023-10-28,Saturday,1,0.0474,0.0176,0.44,8.9,0.088,19.0,93.7,Cloudy,1,6.3,0.0,0.276,0.3,0.24,0.33,0.29,0.8,1,0,1.05
2023-10-28,Saturday,2,0.0448,0.0232,0.44,9.21,0.116,24.5,91.0,Cloudy,1,4.8,0.0,0.152,0.3,0.24,0.33,0.29,0.11,1,0,1.05
2023-10-28,Saturday,3,0.0421,0.0221,0.44,8.2,0.11,23.8,86.9,Sunny,0,6.6,0.0,0.297,0.3,0.24,0.33,0.29,0.24,1,0,1.05
2023-10-28,Saturday,4,0.0431,0.024,0.44,8.43,0.121,25.8,74.3,Rainy,2,6.6,0.0,0.301,0.3,0.24,0.33,0.29,0.0,1,0,1.05
2023-10-28,Saturday,5,0.0419,0.0235,0.44,8.03,0.117,24.7,61.7,Sunny,0,6.3,0.0,0.276,0.3,0.24,0.33,0.29,0.07,1,0,1.05
2023-10-28,Saturday,6,0.133,0.0334,0.44,17.47,0.111,23.9,47.9,Sunny,0,4.0,0.3,0.082,0.3,0.24,0.33,0.29,0.22,1,0,1.05
2023-10-28,Saturday,7,0.1161,0.036,0.44,21.97,0.121,26.3,65.7,Rainy,2,4.6,0.046,0.132,0.3,0.72,0.99,0.63,0.0,1,0,1.05
2023-10-28,Saturday,8,0.1282,0.0349,0.44,21.42,0.116,24.6,61.6,Cloudy,1,3.6,0.24,0.051,0.3,0.72,0.99,0.63,0.09,1,0,1.05
2023-10-28,Saturday,9,0.5103,0.048,0.44,32.18,0.12,25.7,48.4,Sunny,0,4.0,0.724,0.087,0.3,1.08,0.99,0.74,0.0,1,0,1.05
2023-10-28,Saturday,10,0.6809,0.0448,0.44,34.09,0.112,24.0,44.5,Cloudy,1,1.8,0.328,0.0,0.3,1.08,0.66,0.64,0.2,1,0,1.05
2023-10-28,Saturday,11,0.5239,0.032,0.44,29.65,0.08,20.0,53.6,Cloudy,1,2.6,0.352,0.0,0.3,1.08,0.66,0.64,1.0,1,0,1.05
2023-10-28,Saturday,12,0.3218,0.0269,0.44,30.15,0.091,18.8,40.2,Rainy,2,2.1,0.09,0.0,0.3,1.08,0.66,0.64,0.76,1,0,1.05
2023-10-28,Saturday,13,0.3191,0.0255,0.44,28.9,0.085,19.4,29.6,Cloudy,1,1.0,0.352,0.0,0.3,1.08,0.66,0.64,0.88,1,0,1.05
2023-10-28,Saturday,14,0.3307,0.0267,0.44,29.11,0.089,18.9,55.6,Cloudy,1,0.5,0.328,0.0,0.3,1.08,0.66,0.64,0.77,1,0,1.05
2023-10-28,Saturday,15,0.2772,0.0354,0.44,28.37,0.118,15.3,35.2,Cloudy,1,0.5,0.29,0.0,0.3,1.08,0.66,0.64,0.05,1,0,1.05
2023-10-28,Saturday,16,0.2789,0.0351,0.44,30.5,0.117,15.4,42.4,Sunny,0,2.5,0.6,0.0,0.3,1.08,0.66,0.64,0.07,1,0,1.05
2023-10-28,Saturday,17,0.2685,0.036,0.44,30.89,0.121,13.7,48.2,Rainy,2,2.2,0.046,0.0,0.3,1.08,0.66,0.64,0.0,1,0,1.05
2023-10-28,Saturday,18,0.4879,0.0448,0.44,38.14,0.113,16.0,65.8,Rainy,2,2.1,0.03,0.0,0.3,1.08,0.99,0.74,0.2,1,0,1.05
2023-10-28,Saturday,19,0.6738,0.048,0.44,44.65,0.122,12.4,54.8,Stormy,3,3.1,0.0,0.006,0.3,1.08,0.99,0.74,0.0,1,0,1.05
2023-10-28,Saturday,20,0.4818,0.048,0.44,35.3,0.121,13.7,68.3,Rainy,2,2.4,0.0,0.0,0.3,1.08,0.99,0.74,0.0,1,0,1.05
2023-10-28,Saturday,21,0.2139,0.036,0.44,17.87,0.12,13.8,86.8,Cloudy,1,2.1,0.0,0.0,0.3,1.08,0.99,0.74,0.0,1,0,1.05
2023-10-28,Saturday,22,0.2154,0.0264,0.44,16.7,0.088,19.0,90.4,Sunny,0,3.5,0.0,0.044,0.3,0.72,0.99,0.63,0.8,1,0,1.05
2023-10-28,Saturday,23,0.1873,0.0265,0.44,15.59,0.089,19.0,81.1,Rainy,2,6.0,0.0,0.252,0.3,0.72,0.33,0.43,0.79,1,0,1.05
2023-10-29,Sunday,0,0.0413,0.0196,0.44,10.26,0.099,17.8,87.0,Rainy,2,6.0,0.0,0.25,0.3,0.24,0.33,0.29,0.55,1,0,1.05
2023-10-29,Sunday,1,0.033,0.022,0.44,8.07,0.11,23.7,74.6,Sunny,0,4.8,0.0,0.147,0.3,0.24,0.33,0.29,0.25,1,0,1.05
2023-10-29,Sunday,2,0.0455,0.0234,0.44,9.77,0.117,24.6,71.4,Sunny,0,5.0,0.0,0.169,0.3,0.24,0.33,0.29,0.07,1,0,1.05
2023-10-29,Sunday,3,0.0476,0.024,0.44,9.78,0.12,25.1,66.4,Sunny,0,6.7,0.0,0.306,0.3,0.24,0.33,0.29,0.0,1,0,1.05
2023-10-29,Sunday,4,0.0391,0.024,0.44,9.64,0.12,26.8,68.4,Sunny,0,5.2,0.0,0.185,0.3,0.24,0.33,0.29,0.0,1,0,1.05
2023-10-29,Sunday,5,0.0347,0.0208,0.44,8.36,0.104,23.0,68.5,Foggy,4,5.4,0.0,0.201,0.3,0.24,0.33,0.29,0.4,1,0,1.05
2023-10-29,Sunday,6,0.1097,0.0328,0.44,17.8,0.111,23.7,53.2,Stormy,3,3.8,0.03,0.067,0.3,0.24,0.33,0.29,0.27,1,0,1.05
2023-10-29,Sunday,7,0.12,0.036,0.44,19.59,0.121,26.3,60.9,Rainy,2,5.4,0.046,0.198,0.3,0.72,0.99,0.63,0.0,1,0,1.05
2023-10-29,Sunday,8,0.1247,0.036,0.44,21.84,0.121,26.4,52.0,Rainy,2,5.2,0.06,0.183,0.3,0.72,0.99,0.63,0.0,1,0,1.05
2023-10-29,Sunday,9,0.5236,0.048,0.44,32.17,0.12,25.8,59.5,Sunny,0,4.1,0.724,0.093,0.3,1.08,0.99,0.74,0.0,1,0,1.05
2023-10-29,Sunday,10,0.6625,0.0321,0.44,34.93,0.08,20.0,37.8,Cloudy,1,4.2,0.328,0.098,0.3,1.08,0.66,0.64,0.99,1,0,1.05
2023-10-29,Sunday,11,0.5242,0.0348,0.44,32.7,0.088,19.1,55.3,Rainy,2,2.9,0.088,0.0,0.3,1.08,0.66,0.64,0.82,1,0,1.05
2023-10-29,Sunday,12,0.3084,0.031,0.44,28.7,0.103,22.9,46.5,Sunny,0,2.1,0.9,0.0,0.3,1.08,0.66,0.64,0.41,1,0,1.05
2023-10-29,Sunday,13,0.3301,0.0273,0.44,27.52,0.091,21.4,45.1,Cloudy,1,1.4,0.352,0.0,0.3,1.08,0.66,0.64,0.73,1,0,1.05
2023-10-29,Sunday,14,0.3061,0.0312,0.44,29.23,0.105,17.0,28.3,Rainy,2,1.3,0.082,0.0,0.3,1.08,0.66,0.64,0.4,1,0,1.05
2023-10-29,Sunday,15,0.292,0.0339,0.44,29.65,0.113,15.9,60.3,Sunny,0,0.5,0.724,0.0,0.3,1.08,0.66,0.64,0.18,1,0,1.05
2023-10-29,Sunday,16,0.2822,0.036,0.44,30.3,0.12,14.2,38.2,Cloudy,1,2.5,0.24,0.0,0.3,1.08,0.66,0.64,0.0,1,0,1.05
2023-10-29,Sunday,17,0.2771,0.033,0.44,29.43,0.11,16.2,63.3,Sunny,0,1.8,0.455,0.0,0.3,1.08,0.66,0.64,0.25,1,0,1.05
2023-10-29,Sunday,18,0.4706,0.048,0.44,33.25,0.12,11.5,69.8,Sunny,0,1.3,0.3,0.0,0.3,1.08,0.99,0.74,0.0,1,0,1.05
2023-10-29,Sunday,19,0.6507,0.0456,0.44,41.27,0.114,15.8,72.6,Sunny,0,1.8,0.0,0.0,0.3,1.08,0.99,0.74,0.15,1,0,1.05
2023-10-29,Sunday,20,0.4853,0.0473,0.44,33.87,0.118,15.2,60.8,Sunny,0,1.9,0.0,0.0,0.3,1.08,0.99,0.74,0.05,1,0,1.05
2023-10-29,Sunday,21,0.1949,0.036,0.44,19.58,0.12,14.9,78.2,Sunny,0,2.7,0.0,0.0,0.3,1.08,0.99,0.74,0.0,1,0,1.05
2023-10-29,Sunday,22,0.1879,0.0272,0.44,16.51,0.091,18.7,68.7,Sunny,0,5.3,0.0,0.192,0.3,0.72,0.99,0.63,0.73,1,0,1.05
2023-10-29,Sunday,23,0.2034,0.0259,0.44,15.25,0.086,20.8,76.5,Cloudy,1,5.5,0.0,0.209,0.3,0.72,0.33,0.43,0.84,1,0,1.05
2023-10-30,Monday,0,0.0555,0.0206,0.34,11.29,0.082,19.7,78.9,Sunny,0,6.5,0.0,0.295,0.8,0.2,0.3,0.47,0.94,0,0,1.05
2023-10-30,Monday,1,0.0431,0.0271,0.34,11.17,0.109,23.5,66.3,Rainy,2,4.5,0.0,0.127,0.8,0.2,0.3,0.47,0.29,0,0,1.05
2023-10-30,Monday,2,0.0521,0.03,0.34,11.33,0.12,25.2,69.8,Sunny,0,6.1,0.0,0.259,0.8,0.2,0.3,0.47,0.0,0,0,1.05
2023-10-30,Monday,3,0.0577,0.0273,0.34,10.09,0.109,23.7,73.1,Sunny,0,5.9,0.0,0.246,0.8,0.2,0.3,0.47,0.27,0,0,1.05
2023-10-30,Monday,4,0.0454,0.0277,0.34,10.13,0.111,23.9,56.3,Sunny,0,6.6,0.0,0.296,0.8,0.2,0.3,0.47,0.23,0,0,1.05
2023-10-30,Monday,5,0.0541,0.03,0.34,11.02,0.12,25.4,56.6,Sunny,0,5.7,0.0,0.225,0.8,0.2,0.3,0.47,0.0,0,0,1.05
2023-10-30,Monday,6,0.1658,0.045,0.34,23.83,0.12,27.2,49.0,Sunny,0,6.5,0.3,0.295,0.8,0.2,0.3,0.47,0.0,0,0,1.05
2023-10-30,Monday,7,0.1472,0.045,0.34,27.64,0.122,27.0,69.4,Stormy,3,6.2,0.046,0.267,0.8,0.6,0.9,0.77,0.0,0,0,1.05
2023-10-30,Monday,8,0.1326,0.045,0.34,26.0,0.12,25.0,51.5,Sunny,0,4.1,0.6,0.089,0.8,0.6,0.9,0.77,0.0,0,0,1.05
2023-10-30,Monday,9,0.6489,0.06,0.34,39.39,0.12,26.8,51.1,Cloudy,1,2.8,0.29,0.0,0.8,0.9,0.9,0.86,0.0,0,0,1.05
2023-10-30,Monday,10,0.85,0.0428,0.34,44.95,0.086,20.7,27.8,Cloudy,1,2.0,0.328,0.0,0.8,0.9,0.6,0.77,0.86,0,0,1.05
2023-10-30,Monday,11,0.6489,0.0457,0.34,37.78,0.091,18.6,51.3,Sunny,0,2.9,0.88,0.0,0.8,0.9,0.6,0.77,0.71,0,0,1.05
2023-10-30,Monday,12,0.3888,0.0334,0.34,35.48,0.089,18.9,32.4,Sunny,0,2.5,0.9,0.0,0.8,0.9,0.6,0.77,0.77,0,0,1.05
2023-10-30,Monday,13,0.4033,0.0431,0.34,33.24,0.115,15.6,54.0,Sunny,0,0.5,0.88,0.0,0.8,0.9,0.6,0.77,0.13,0,0,1.05
2023-10-30,Monday,14,0.3918,0.0403,0.34,35.84,0.108,16.6,38.5,Sunny,0,0.5,0.82,0.0,0.8,0.9,0.6,0.77,0.31,0,0,1.05
2023-10-30,Monday,15,0.3692,0.0349,0.34,36.27,0.093,18.4,48.5,Sunny,0,1.8,0.724,0.0,0.8,0.9,0.6,0.77,0.67,0,0,1.05
2023-10-30,Monday,16,0.3443,0.0418,0.34,38.6,0.112,16.1,50.5,Cloudy,1,1.1,0.24,0.0,0.8,0.9,0.6,0.77,0.21,0,0,1.05
2023-10-30,Monday,17,0.335,0.045,0.34,36.67,0.12,13.8,66.2,Cloudy,1,1.2,0.182,0.0,0.8,0.9,0.6,0.77,0.0,0,0,1.05
2023-10-30,Monday,18,0.5863,0.06,0.34,42.02,0.121,13.2,57.6,Rainy,2,0.5,0.03,0.0,0.8,0.9,0.9,0.86,0.0,0,0,1.05
2023-10-30,Monday,19,0.8181,0.0539,0.34,45.28,0.108,16.5,61.7,Sunny,0,1.7,0.0,0.0,0.8,0.9,0.9,0.86,0.31,0,0,1.05
2023-10-30,Monday,20,0.612,0.0562,0.34,42.28,0.112,16.0,82.5,Sunny,0,2.6,0.0,0.0,0.8,0.9,0.9,0.86,0.19,0,0,1.05
2023-10-30,Monday,21,0.2534,0.045,0.34,20.98,0.12,13.0,83.3,Sunny,0,3.8,0.0,0.07,0.8,0.9,0.9,0.86,0.0,0,0,1.05
2023-10-30,Monday,22,0.254,0.041,0.34,20.1,0.109,16.3,80.8,Sunny,0,4.8,0.0,0.15,0.8,0.6,0.9,0.77,0.27,0,0,1.05
2023-10-30,Monday,23,0.2659,0.0309,0.34,21.62,0.083,20.3,84.5,Sunny,0,4.9,0.0,0.158,0.8,0.6,0.3,0.59,0.94,0,0,1.05
